"url","route_exists","locale","http_status","final_url","redirect_hops","indexable","canonical","hreflang_es","hreflang_en","x_default","title","h1","meta_robots","x_robots_tag","robots_txt_allowed","crawl_policy","index_policy","classification","page_type","product","audience","content_language","schema_types","source_route","source_file","sitemap_present","sitemap_absence_classification","internal_inlinks","internal_outlinks","intent_label_provisional","intent_confidence","notes","discovered_via_sitemap","discovered_via_route_tree","discovered_via_i18n","discovered_via_internal_link","discovered_via_redirect_config"
"https://valentinproteccionintegral.com/seguros/salud-individual","yes","es","200","https://valentinproteccionintegral.com/seguros/salud-individual","0","yes","https://valentinproteccionintegral.com/seguros/salud-individual","unknown","unknown","unknown","Seguro de Salud Privado en Madrid desde 22,50€/mes | Valentín","Tu seguro de salud privado en Madrid — sin copagos, sin listas de espera, desde 22,50€/mes","index, follow","unknown","yes","allowed","index","public_indexable_200","unknown","unknown","unknown","es","unknown","unknown","app/seguros/salud-individual/page.tsx","yes","sitemap_present","5","2","unknown","unknown","","yes","yes","no","yes","no"
"https://valentinproteccionintegral.com/seguros/salud-senior","yes","es","200","https://valentinproteccionintegral.com/seguros/salud-senior","0","yes","https://valentinproteccionintegral.com/seguros/salud-senior","unknown","unknown","unknown","Seguro Salud Senior Madrid · Mayores 65+ | VPI","Seguro SaludSenior Madrid","index, follow","unknown","yes","allowed","index","public_indexable_200","unknown","unknown","unknown","es","unknown","unknown","app/seguros/salud-senior/page.tsx","yes","sitemap_present","1","73","unknown","unknown","","yes","yes","no","yes","no"
"https://valentinproteccionintegral.com","yes","es","200","https://valentinproteccionintegral.com/","0","yes","https://valentinproteccionintegral.com","https://valentinproteccionintegral.com","https://valentinproteccionintegral.com/en","https://valentinproteccionintegral.com","Asesor de Seguros en Madrid — Salud, Vida y Más | VPI","Protege lo importante,sin decidir a ciegas.","index, follow","unknown","yes","allowed","index","public_indexable_200","unknown","unknown","unknown","es","unknown","unknown","app/[locale]/about-us/page.tsx","yes","sitemap_present","513","136","unknown","unknown","","yes","yes","yes","yes","no"
"https://valentinproteccionintegral.com/seguros/salud-dental","yes","es","200","https://valentinproteccionintegral.com/seguros/salud-dental","0","yes","https://valentinproteccionintegral.com/seguros/salud-dental","unknown","unknown","unknown","Seguro Dental en Madrid · Sin Carencias | Valentín","Seguro Dental Madrid:Sin Carencias desde el Primer Día","index, follow","unknown","yes","allowed","index","public_indexable_200","unknown","unknown","unknown","es","unknown","unknown","app/seguros/salud-dental/page.tsx","yes","sitemap_present","1","73","unknown","unknown","","yes","yes","no","yes","no"
"https://valentinproteccionintegral.com/seguros","yes","es","200","https://valentinproteccionintegral.com/seguros","0","yes","https://valentinproteccionintegral.com/seguros","https://valentinproteccionintegral.com/seguros","https://valentinproteccionintegral.com/en/insurance","https://valentinproteccionintegral.com/seguros","Todos Nuestros Seguros en Madrid | Valentín Protección","Seguros en Madrid: salud, vida, dental, mascotas y más — sin complicaciones, sin presión","index, follow","unknown","yes","allowed","index","public_indexable_200","unknown","unknown","unknown","es","unknown","unknown","app/[locale]/about-us/page.tsx","yes","sitemap_present","108","94","unknown","unknown","","yes","yes","yes","yes","no"
"https://valentinproteccionintegral.com/seguros/dental","yes","es","200","https://valentinproteccionintegral.com/seguros/dental","0","yes","https://valentinproteccionintegral.com/seguros/dental","https://valentinproteccionintegral.com/seguros/dental","https://valentinproteccionintegral.com/en/insurance/dental-insurance","https://valentinproteccionintegral.com/seguros/dental","Seguro Dental Sin Carencias Madrid | Valentín Protección Integral","Seguro DentalMadrid","index, follow","unknown","yes","allowed","index","public_indexable_200","unknown","unknown","unknown","es","unknown","unknown","app/[locale]/about-us/page.tsx","yes","sitemap_present","284","76","unknown","unknown","","yes","yes","yes","yes","no"
"https://valentinproteccionintegral.com/seguros/mascotas","yes","es","200","https://valentinproteccionintegral.com/seguros/mascotas","0","yes","https://valentinproteccionintegral.com/seguros/mascotas","https://valentinproteccionintegral.com/seguros/mascotas","https://valentinproteccionintegral.com/en/insurance/pet-insurance","https://valentinproteccionintegral.com/seguros/mascotas","Seguro para Mascotas en Madrid — Perros y Gatos | VPI","Tu mascota protegida desde mañana.Sin burocracia.","index, follow","unknown","yes","allowed","index","public_indexable_200","unknown","unknown","unknown","es","unknown","unknown","app/[locale]/about-us/page.tsx","yes","sitemap_present","405","77","unknown","unknown","","yes","yes","yes","yes","no"
"https://valentinproteccionintegral.com/seguros/viaje","yes","es","200","https://valentinproteccionintegral.com/seguros/viaje","0","yes","https://valentinproteccionintegral.com/seguros/viaje","https://valentinproteccionintegral.com/seguros/viaje","https://valentinproteccionintegral.com/en/insurance/travel-insurance","https://valentinproteccionintegral.com/seguros/viaje","Seguro Viaje Temporal Madrid | Desde Salida Aeropuerto","Seguro Viaje Temporal:Cobertura desde Salida Aeropuerto Madrid","index, follow","unknown","yes","allowed","index","public_indexable_200","unknown","unknown","unknown","es","unknown","unknown","app/[locale]/about-us/page.tsx","yes","sitemap_present","404","76","unknown","unknown","","yes","yes","yes","yes","no"
"https://valentinproteccionintegral.com/seguros/accidentes-decesos","yes","es","200","https://valentinproteccionintegral.com/seguros/accidentes-decesos","0","yes","https://valentinproteccionintegral.com/seguros/accidentes-decesos","unknown","unknown","unknown","Seguro de Accidentes y Decesos en Madrid | Valentín","Seguro Accidentes y Decesos Madrid:Pack Familiar Completo","index, follow","unknown","yes","allowed","index","public_indexable_200","unknown","unknown","unknown","es","unknown","unknown","app/seguros/accidentes-decesos/page.tsx","yes","sitemap_present","3","73","unknown","unknown","","yes","yes","no","yes","no"
"https://valentinproteccionintegral.com/seguros/decesos","yes","es","200","https://valentinproteccionintegral.com/seguros/decesos","0","yes","https://valentinproteccionintegral.com/seguros/decesos","https://valentinproteccionintegral.com/seguros/decesos","https://valentinproteccionintegral.com/en/insurance/funeral-insurance","https://valentinproteccionintegral.com/seguros/decesos","Seguro de Decesos en Madrid — Gestión Completa Incluida | VPI","Tu familia solo tiene que llamarnos una vez.","index, follow","unknown","yes","allowed","index","public_indexable_200","unknown","unknown","unknown","es","unknown","unknown","app/[locale]/about-us/page.tsx","yes","sitemap_present","285","77","unknown","unknown","","yes","yes","yes","yes","no"
"https://valentinproteccionintegral.com/seguros/salud","yes","es","200","https://valentinproteccionintegral.com/seguros/salud","0","yes","https://valentinproteccionintegral.com/seguros/salud","https://valentinproteccionintegral.com/seguros/salud","https://valentinproteccionintegral.com/en/insurance/health","https://valentinproteccionintegral.com/seguros/salud","Seguro de Salud Privado en Madrid | Desde 21€/mes · Valentín Protección Integral","Elige tu seguro de salud sin decidir a ciegas","index, follow","unknown","yes","allowed","index","public_indexable_200","unknown","unknown","unknown","es","unknown","unknown","app/[locale]/about-us/page.tsx","yes","sitemap_present","416","94","unknown","unknown","","yes","no","yes","yes","no"
"https://valentinproteccionintegral.com/en/insurance","yes","en","200","https://valentinproteccionintegral.com/en/insurance","0","yes","https://valentinproteccionintegral.com/en/insurance","https://valentinproteccionintegral.com/seguros","https://valentinproteccionintegral.com/en/insurance","https://valentinproteccionintegral.com/seguros","Insurance in Madrid | Valentín Protección Integral","Insurance in Madrid: health, life, dental, pet cover and more — without pressure or complications","index, follow","unknown","yes","allowed","index","public_indexable_200","unknown","unknown","unknown","en","unknown","unknown","app/[locale]/about-us/page.tsx","yes","sitemap_present","95","94","unknown","unknown","","yes","no","yes","yes","no"
"https://valentinproteccionintegral.com/extranjeros","yes","es","200","https://valentinproteccionintegral.com/extranjeros","0","yes","https://valentinproteccionintegral.com/extranjeros","https://valentinproteccionintegral.com/extranjeros","https://valentinproteccionintegral.com/en/foreigners","https://valentinproteccionintegral.com/extranjeros","Seguro médico para extranjeros en España | Valentín Protección Integral","Tu seguro médico para estudiar o residir en España","index, follow","unknown","yes","allowed","index","public_indexable_200","unknown","unknown","unknown","es","unknown","unknown","app/[locale]/about-us/page.tsx","yes","sitemap_present","275","80","unknown","unknown","","yes","yes","yes","yes","no"
"https://valentinproteccionintegral.com/en/insurance/health","yes","en","200","https://valentinproteccionintegral.com/en/insurance/health","0","yes","https://valentinproteccionintegral.com/en/insurance/health","https://valentinproteccionintegral.com/seguros/salud","https://valentinproteccionintegral.com/en/insurance/health","https://valentinproteccionintegral.com/seguros/salud","Health insurance in Madrid | Valentín Protección Integral","Choose your health insurance with confidence","index, follow","unknown","yes","allowed","index","public_indexable_200","unknown","unknown","unknown","en","unknown","unknown","app/[locale]/about-us/page.tsx","yes","sitemap_present","395","94","unknown","unknown","","yes","no","yes","yes","no"
"https://valentinproteccionintegral.com/en/foreigners","yes","en","200","https://valentinproteccionintegral.com/en/foreigners","0","yes","https://valentinproteccionintegral.com/en/foreigners","https://valentinproteccionintegral.com/extranjeros","https://valentinproteccionintegral.com/en/foreigners","https://valentinproteccionintegral.com/extranjeros","Health insurance for foreigners in Spain | VPI","Your health insurance to study or live in Spain","index, follow","unknown","yes","allowed","index","public_indexable_200","unknown","unknown","unknown","en","unknown","unknown","app/[locale]/about-us/page.tsx","yes","sitemap_present","223","80","unknown","unknown","","yes","no","yes","yes","no"
"https://valentinproteccionintegral.com/en/contact","no","en","200","https://valentinproteccionintegral.com/en/contact","0","yes","https://valentinproteccionintegral.com/en/contact","https://valentinproteccionintegral.com/contacto","https://valentinproteccionintegral.com/en/contact","https://valentinproteccionintegral.com/contacto","Contact — Insurance advice in Madrid | VPI","Contact us — Valentín Protección Integral","index, follow","unknown","yes","allowed","index","public_indexable_200","unknown","unknown","unknown","en","unknown","unknown","unknown","yes","sitemap_present","554","78","unknown","unknown","","yes","no","no","yes","no"
"https://valentinproteccionintegral.com/en","no","en","200","https://valentinproteccionintegral.com/en","0","yes","https://valentinproteccionintegral.com/en","https://valentinproteccionintegral.com","https://valentinproteccionintegral.com/en","https://valentinproteccionintegral.com","Insurance advice in Madrid — Health, Life and More | VPI","Protect what matters,without deciding blindly.","index, follow","unknown","yes","allowed","index","public_indexable_200","unknown","unknown","unknown","en","unknown","unknown","unknown","yes","sitemap_present","442","136","unknown","unknown","","yes","no","no","yes","no"
"https://valentinproteccionintegral.com/en/about-us","yes","en","200","https://valentinproteccionintegral.com/en/about-us","0","yes","https://valentinproteccionintegral.com/en/about-us","https://valentinproteccionintegral.com/sobre-nosotros","https://valentinproteccionintegral.com/en/about-us","https://valentinproteccionintegral.com/sobre-nosotros","About Us | Valentín Protección Integral","Insurance explained clearly, with real personal support.","index, follow","unknown","yes","allowed","index","public_indexable_200","unknown","unknown","unknown","en","unknown","unknown","app/[locale]/about-us/page.tsx","yes","sitemap_present","224","77","unknown","unknown","","yes","no","yes","yes","no"
"https://valentinproteccionintegral.com/seguros/salud-extranjeros","yes","es","200","https://valentinproteccionintegral.com/seguros/salud-extranjeros","0","yes","https://valentinproteccionintegral.com/seguros/salud-extranjeros","https://valentinproteccionintegral.com/seguros/salud-extranjeros","https://valentinproteccionintegral.com/en/insurance/health/foreigners","https://valentinproteccionintegral.com/seguros/salud-extranjeros","Seguro Médico para NIE, TIE y Visado | VPI","Seguro de salud para extranjeros válido para visado en España, según la modalidad","index, follow","unknown","yes","allowed","index","public_indexable_200","unknown","unknown","unknown","es","unknown","unknown","app/[locale]/about-us/page.tsx","yes","sitemap_present","7","5","unknown","unknown","","yes","yes","yes","yes","no"
"https://valentinproteccionintegral.com/en/how-we-help","yes","en","200","https://valentinproteccionintegral.com/en/how-we-help","0","yes","https://valentinproteccionintegral.com/en/how-we-help","https://valentinproteccionintegral.com/como-te-ayudamos","https://valentinproteccionintegral.com/en/how-we-help","https://valentinproteccionintegral.com/como-te-ayudamos","How We Help | Valentín Protección Integral","We are not an automated portal. We are your adviser.","index, follow","unknown","yes","allowed","index","public_indexable_200","unknown","unknown","unknown","en","unknown","unknown","app/[locale]/about-us/page.tsx","yes","sitemap_present","226","77","unknown","unknown","","yes","no","yes","yes","no"
"https://valentinproteccionintegral.com/en/reviews","yes","en","200","https://valentinproteccionintegral.com/en/reviews","0","yes","https://valentinproteccionintegral.com/en/reviews","https://valentinproteccionintegral.com/opiniones","https://valentinproteccionintegral.com/en/reviews","https://valentinproteccionintegral.com/opiniones","Reviews | Valentín Protección Integral","Trust is built by listening","index, follow","unknown","yes","allowed","index","public_indexable_200","unknown","unknown","unknown","en","unknown","unknown","app/[locale]/about-us/page.tsx","yes","sitemap_present","224","79","unknown","unknown","","yes","no","yes","yes","no"
"https://valentinproteccionintegral.com/en/insurance/health/foreigners","yes","en","200","https://valentinproteccionintegral.com/en/insurance/health/foreigners","0","yes","https://valentinproteccionintegral.com/en/insurance/health/foreigners","https://valentinproteccionintegral.com/seguros/salud-extranjeros","https://valentinproteccionintegral.com/en/insurance/health/foreigners","https://valentinproteccionintegral.com/seguros/salud-extranjeros","Health insurance for foreigners in Spain | VPI","Health insurance for foreigners, suitable for a Spanish visa depending on the plan","index, follow","unknown","yes","allowed","index","public_indexable_200","unknown","unknown","unknown","en","unknown","unknown","app/[locale]/about-us/page.tsx","yes","sitemap_present","7","5","unknown","unknown","","yes","no","yes","yes","no"
"https://valentinproteccionintegral.com/en/business","yes","en","200","https://valentinproteccionintegral.com/en/business","0","yes","https://valentinproteccionintegral.com/en/business","https://valentinproteccionintegral.com/empresas","https://valentinproteccionintegral.com/en/business","https://valentinproteccionintegral.com/empresas","Business Insurance | Valentín Protección Integral","Solutions to protect your business","index, follow","unknown","yes","allowed","index","public_indexable_200","unknown","unknown","unknown","en","unknown","unknown","app/[locale]/about-us/page.tsx","yes","sitemap_present","150","81","unknown","unknown","","yes","no","yes","yes","no"
"https://valentinproteccionintegral.com/en/business/health-insurance","yes","en","200","https://valentinproteccionintegral.com/en/business/health-insurance","0","yes","https://valentinproteccionintegral.com/en/business/health-insurance","https://valentinproteccionintegral.com/empresas/salud","https://valentinproteccionintegral.com/en/business/health-insurance","https://valentinproteccionintegral.com/empresas/salud","Business Health Insurance | Valentín Protección Integral","Health insurance for businesses, explained clearly","index, follow","unknown","yes","allowed","index","public_indexable_200","unknown","unknown","unknown","en","unknown","unknown","app/[locale]/about-us/page.tsx","yes","sitemap_present","370","80","unknown","unknown","","yes","no","yes","yes","no"
"https://valentinproteccionintegral.com/en/business/cybersecurity","yes","en","200","https://valentinproteccionintegral.com/en/business/cybersecurity","0","yes","https://valentinproteccionintegral.com/en/business/cybersecurity","https://valentinproteccionintegral.com/empresas/ciberseguridad","https://valentinproteccionintegral.com/en/business/cybersecurity","https://valentinproteccionintegral.com/empresas/ciberseguridad","Business Cybersecurity | Valentín Protección Integral","Cybersecurity for businesses that depend on technology","index, follow","unknown","yes","allowed","index","public_indexable_200","unknown","unknown","unknown","en","unknown","unknown","app/[locale]/about-us/page.tsx","yes","sitemap_present","370","80","unknown","unknown","","yes","no","yes","yes","no"
"https://valentinproteccionintegral.com/en/for/self-employed","yes","en","200","https://valentinproteccionintegral.com/en/for/self-employed","0","yes","https://valentinproteccionintegral.com/en/for/self-employed","https://valentinproteccionintegral.com/autonomos","https://valentinproteccionintegral.com/en/for/self-employed","https://valentinproteccionintegral.com/autonomos","Insurance for Self-Employed Professionals","Insurance for self-employed professionals","index, follow","unknown","yes","allowed","index","public_indexable_200","unknown","unknown","unknown","en","unknown","unknown","app/[locale]/about-us/page.tsx","yes","sitemap_present","88","81","unknown","unknown","","yes","no","yes","yes","no"
"https://valentinproteccionintegral.com/en/for/families","yes","en","200","https://valentinproteccionintegral.com/en/for/families","0","yes","https://valentinproteccionintegral.com/en/for/families","https://valentinproteccionintegral.com/para/familias","https://valentinproteccionintegral.com/en/for/families","https://valentinproteccionintegral.com/para/familias","Insurance for Families","Protection for your family","index, follow","unknown","yes","allowed","index","public_indexable_200","unknown","unknown","unknown","en","unknown","unknown","app/[locale]/about-us/page.tsx","yes","sitemap_present","78","82","unknown","unknown","","yes","no","yes","yes","no"
"https://valentinproteccionintegral.com/en/for/young-professionals","yes","en","200","https://valentinproteccionintegral.com/en/for/young-professionals","0","yes","https://valentinproteccionintegral.com/en/for/young-professionals","https://valentinproteccionintegral.com/para/jovenes-profesionales","https://valentinproteccionintegral.com/en/for/young-professionals","https://valentinproteccionintegral.com/para/jovenes-profesionales","Insurance for Young Professionals","Insurance for your next stage","index, follow","unknown","yes","allowed","index","public_indexable_200","unknown","unknown","unknown","en","unknown","unknown","app/[locale]/about-us/page.tsx","yes","sitemap_present","78","81","unknown","unknown","","yes","no","yes","yes","no"
"https://valentinproteccionintegral.com/en/for/seniors","yes","en","200","https://valentinproteccionintegral.com/en/for/seniors","0","yes","https://valentinproteccionintegral.com/en/for/seniors","https://valentinproteccionintegral.com/para/seniors","https://valentinproteccionintegral.com/en/for/seniors","https://valentinproteccionintegral.com/para/seniors","Insurance for Seniors","Protection for a stage with different priorities","index, follow","unknown","yes","allowed","index","public_indexable_200","unknown","unknown","unknown","en","unknown","unknown","app/[locale]/about-us/page.tsx","yes","sitemap_present","78","80","unknown","unknown","","yes","no","yes","yes","no"
"https://valentinproteccionintegral.com/en/foreigners/rentals","yes","en","200","https://valentinproteccionintegral.com/en/foreigners/rentals","0","yes","https://valentinproteccionintegral.com/en/foreigners/rentals","https://valentinproteccionintegral.com/extranjeros/alquileres","https://valentinproteccionintegral.com/en/foreigners/rentals","https://valentinproteccionintegral.com/extranjeros/alquileres","Rentals in Spain | Valentín Protección Integral","Rentals in Spain for international residents","index, follow","unknown","yes","allowed","index","public_indexable_200","unknown","unknown","unknown","en","unknown","unknown","app/[locale]/about-us/page.tsx","yes","sitemap_present","225","80","unknown","unknown","","yes","no","yes","yes","no"
"https://valentinproteccionintegral.com/en/insurance/funeral-insurance","yes","en","200","https://valentinproteccionintegral.com/en/insurance/funeral-insurance","0","yes","https://valentinproteccionintegral.com/en/insurance/funeral-insurance","https://valentinproteccionintegral.com/seguros/decesos","https://valentinproteccionintegral.com/en/insurance/funeral-insurance","https://valentinproteccionintegral.com/seguros/decesos","Funeral insurance in Madrid | Valentín Protección Integral","Funeral insurance that leaves the important arrangements in place for your family","index, follow","unknown","yes","allowed","index","public_indexable_200","unknown","unknown","unknown","en","unknown","unknown","app/[locale]/about-us/page.tsx","yes","sitemap_present","238","99","unknown","unknown","","yes","no","yes","yes","no"
"https://valentinproteccionintegral.com/en/insurance/accident-insurance","yes","en","200","https://valentinproteccionintegral.com/en/insurance/accident-insurance","0","yes","https://valentinproteccionintegral.com/en/insurance/accident-insurance","unknown","https://valentinproteccionintegral.com/en/insurance/accident-insurance","unknown","Accident insurance in Madrid | Valentín Protección Integral","Accident insurance for the moments that can change your financial stability","index, follow","unknown","yes","allowed","index","public_indexable_200","unknown","unknown","unknown","en","unknown","unknown","app/[locale]/about-us/page.tsx","yes","sitemap_present","236","97","unknown","unknown","","yes","no","yes","yes","no"
"https://valentinproteccionintegral.com/en/insurance/accident-insurance/business-self-employed","yes","en","200","https://valentinproteccionintegral.com/en/insurance/accident-insurance/business-self-employed","0","yes","https://valentinproteccionintegral.com/en/insurance/accident-insurance/business-self-employed","unknown","https://valentinproteccionintegral.com/en/insurance/accident-insurance/business-self-employed","unknown","Business Accident Insurance in Madrid | Self-Employed","Accident Insurance for Businesses and Self-Employed Professionals","index, follow","unknown","yes","allowed","index","public_indexable_200","unknown","unknown","unknown","en","unknown","unknown","app/[locale]/about-us/page.tsx","yes","sitemap_present","7","85","unknown","unknown","","yes","no","yes","yes","no"
"https://valentinproteccionintegral.com/en/insurance/funeral-insurance/families","yes","en","200","https://valentinproteccionintegral.com/en/insurance/funeral-insurance/families","0","yes","https://valentinproteccionintegral.com/en/insurance/funeral-insurance/families","https://valentinproteccionintegral.com/seguros/decesos/familias","https://valentinproteccionintegral.com/en/insurance/funeral-insurance/families","https://valentinproteccionintegral.com/seguros/decesos/familias","Family Funeral Insurance in Madrid","Family Funeral Insurance in Madrid","index, follow","unknown","yes","allowed","index","public_indexable_200","unknown","unknown","unknown","en","unknown","unknown","app/[locale]/about-us/page.tsx","yes","sitemap_present","5","87","unknown","unknown","","yes","no","yes","yes","no"
"https://valentinproteccionintegral.com/en/insurance/dental-insurance","yes","en","200","https://valentinproteccionintegral.com/en/insurance/dental-insurance","0","yes","https://valentinproteccionintegral.com/en/insurance/dental-insurance","https://valentinproteccionintegral.com/seguros/dental","https://valentinproteccionintegral.com/en/insurance/dental-insurance","https://valentinproteccionintegral.com/seguros/dental","Dental insurance in Madrid | Valentín Protección Integral","Dental insurance for more predictable access to everyday oral care","index, follow","unknown","yes","allowed","index","public_indexable_200","unknown","unknown","unknown","en","unknown","unknown","app/[locale]/about-us/page.tsx","yes","sitemap_present","232","99","unknown","unknown","","yes","no","yes","yes","no"
"https://valentinproteccionintegral.com/en/insurance/dental-insurance/families","yes","en","200","https://valentinproteccionintegral.com/en/insurance/dental-insurance/families","0","yes","https://valentinproteccionintegral.com/en/insurance/dental-insurance/families","https://valentinproteccionintegral.com/seguros/dental/familias","https://valentinproteccionintegral.com/en/insurance/dental-insurance/families","https://valentinproteccionintegral.com/seguros/dental/familias","Family Dental Insurance in Madrid","Family Dental Insurance in Madrid","index, follow","unknown","yes","allowed","index","public_indexable_200","unknown","unknown","unknown","en","unknown","unknown","app/[locale]/about-us/page.tsx","yes","sitemap_present","6","87","unknown","unknown","","yes","no","yes","yes","no"
"https://valentinproteccionintegral.com/en/insurance/pet-insurance","yes","en","200","https://valentinproteccionintegral.com/en/insurance/pet-insurance","0","yes","https://valentinproteccionintegral.com/en/insurance/pet-insurance","https://valentinproteccionintegral.com/seguros/mascotas","https://valentinproteccionintegral.com/en/insurance/pet-insurance","https://valentinproteccionintegral.com/seguros/mascotas","Pet insurance in Madrid | Valentín Protección Integral","Pet insurance for veterinary care and protection against third-party liability","index, follow","unknown","yes","allowed","index","public_indexable_200","unknown","unknown","unknown","en","unknown","unknown","app/[locale]/about-us/page.tsx","yes","sitemap_present","379","100","unknown","unknown","","yes","no","yes","yes","no"
"https://valentinproteccionintegral.com/en/insurance/pet-insurance/civil-liability","yes","en","200","https://valentinproteccionintegral.com/en/insurance/pet-insurance/civil-liability","0","yes","https://valentinproteccionintegral.com/en/insurance/pet-insurance/civil-liability","https://valentinproteccionintegral.com/seguros/mascotas/responsabilidad-civil","https://valentinproteccionintegral.com/en/insurance/pet-insurance/civil-liability","https://valentinproteccionintegral.com/seguros/mascotas/responsabilidad-civil","Pet Civil Liability Insurance in Madrid","Pet Civil Liability Insurance in Madrid","index, follow","unknown","yes","allowed","index","public_indexable_200","unknown","unknown","unknown","en","unknown","unknown","app/[locale]/about-us/page.tsx","yes","sitemap_present","5","88","unknown","unknown","","yes","no","yes","yes","no"
"https://valentinproteccionintegral.com/en/insurance/health-insurance/families","yes","en","200","https://valentinproteccionintegral.com/en/insurance/health-insurance/families","0","yes","https://valentinproteccionintegral.com/en/insurance/health-insurance/families","https://valentinproteccionintegral.com/seguros/salud/familias","https://valentinproteccionintegral.com/en/insurance/health-insurance/families","https://valentinproteccionintegral.com/seguros/salud/familias","Family Health Insurance in Madrid | Paediatric Cover","Family Health Insurance in Madrid","index, follow","unknown","yes","allowed","index","public_indexable_200","unknown","unknown","unknown","en","unknown","unknown","app/[locale]/about-us/page.tsx","yes","sitemap_present","4","91","unknown","unknown","","yes","no","yes","yes","no"
"https://valentinproteccionintegral.com/en/insurance/health-insurance/reimbursement","yes","en","200","https://valentinproteccionintegral.com/en/insurance/health-insurance/reimbursement","0","yes","https://valentinproteccionintegral.com/en/insurance/health-insurance/reimbursement","https://valentinproteccionintegral.com/seguros/salud/reembolso","https://valentinproteccionintegral.com/en/insurance/health-insurance/reimbursement","https://valentinproteccionintegral.com/seguros/salud/reembolso","Reimbursement Health Insurance in Madrid | Free Choice","Reimbursement Health Insurance in Madrid","index, follow","unknown","yes","allowed","index","public_indexable_200","unknown","unknown","unknown","en","unknown","unknown","app/[locale]/about-us/page.tsx","yes","sitemap_present","4","91","unknown","unknown","","yes","no","yes","yes","no"
"https://valentinproteccionintegral.com/en/insurance/health-insurance/self-employed","yes","en","200","https://valentinproteccionintegral.com/en/insurance/health-insurance/self-employed","0","yes","https://valentinproteccionintegral.com/en/insurance/health-insurance/self-employed","https://valentinproteccionintegral.com/seguros/salud/autonomos","https://valentinproteccionintegral.com/en/insurance/health-insurance/self-employed","https://valentinproteccionintegral.com/seguros/salud/autonomos","Health Insurance for Self-Employed in Madrid | Tax Guidance","Health Insurance for Self-Employed in Madrid","index, follow","unknown","yes","allowed","index","public_indexable_200","unknown","unknown","unknown","en","unknown","unknown","app/[locale]/about-us/page.tsx","yes","sitemap_present","5","95","unknown","unknown","","yes","no","yes","yes","no"
"https://valentinproteccionintegral.com/extranjeros/alquileres","yes","es","200","https://valentinproteccionintegral.com/extranjeros/alquileres","0","yes","https://valentinproteccionintegral.com/extranjeros/alquileres","unknown","unknown","unknown","Alquiler de pisos en Madrid para extranjeros | VPI","Alquiler de pisos en Madrid para estudiantes y familias internacionales","index, follow","unknown","yes","allowed","index","public_indexable_200","unknown","unknown","unknown","es","unknown","unknown","app/[locale]/about-us/page.tsx","yes","sitemap_present","274","77","unknown","unknown","","yes","yes","yes","yes","no"
"https://valentinproteccionintegral.com/en/insurance/health-insurance/comprehensive","yes","en","200","https://valentinproteccionintegral.com/en/insurance/health-insurance/comprehensive","0","yes","https://valentinproteccionintegral.com/en/insurance/health-insurance/comprehensive","https://valentinproteccionintegral.com/seguros/salud/completa","https://valentinproteccionintegral.com/en/insurance/health-insurance/comprehensive","https://valentinproteccionintegral.com/seguros/salud/completa","Comprehensive Health Insurance in Madrid | Hospital Cover","Comprehensive Health Insurance in Madrid","index, follow","unknown","yes","allowed","index","public_indexable_200","unknown","unknown","unknown","en","unknown","unknown","app/[locale]/about-us/page.tsx","yes","sitemap_present","4","95","unknown","unknown","","yes","no","yes","yes","no"
"https://valentinproteccionintegral.com/en/insurance/health-insurance/senior","yes","en","200","https://valentinproteccionintegral.com/en/insurance/health-insurance/senior","0","yes","https://valentinproteccionintegral.com/en/insurance/health-insurance/senior","https://valentinproteccionintegral.com/seguros/salud/senior","https://valentinproteccionintegral.com/en/insurance/health-insurance/senior","https://valentinproteccionintegral.com/seguros/salud/senior","Senior Health Insurance in Madrid | Over 55s","Senior Health Insurance in Madrid","index, follow","unknown","yes","allowed","index","public_indexable_200","unknown","unknown","unknown","en","unknown","unknown","app/[locale]/about-us/page.tsx","yes","sitemap_present","5","91","unknown","unknown","","yes","no","yes","yes","no"
"https://valentinproteccionintegral.com/en/insurance/travel-insurance/students","yes","en","200","https://valentinproteccionintegral.com/en/insurance/travel-insurance/students","0","yes","https://valentinproteccionintegral.com/en/insurance/travel-insurance/students","https://valentinproteccionintegral.com/seguros/viaje/estudios","https://valentinproteccionintegral.com/en/insurance/travel-insurance/students","https://valentinproteccionintegral.com/seguros/viaje/estudios","Travel Insurance for Students in Madrid | Study Abroad","Travel Insurance for Students","index, follow","unknown","yes","allowed","index","public_indexable_200","unknown","unknown","unknown","en","unknown","unknown","app/[locale]/about-us/page.tsx","yes","sitemap_present","5","88","unknown","unknown","","yes","no","yes","yes","no"
"https://valentinproteccionintegral.com/empresas/ciberseguridad","yes","es","200","https://valentinproteccionintegral.com/empresas/ciberseguridad","0","yes","https://valentinproteccionintegral.com/empresas/ciberseguridad","unknown","unknown","unknown","Ciberseguridad para Empresas | Valentín Protección Integral","Protege la continuidad de tu negocio frente a un ciberincidente","index, follow","unknown","yes","allowed","index","public_indexable_200","unknown","unknown","unknown","es","unknown","unknown","app/[locale]/about-us/page.tsx","yes","sitemap_present","451","78","unknown","unknown","","yes","yes","yes","yes","no"
"https://valentinproteccionintegral.com/en/insurance/travel-insurance","yes","en","200","https://valentinproteccionintegral.com/en/insurance/travel-insurance","0","yes","https://valentinproteccionintegral.com/en/insurance/travel-insurance","https://valentinproteccionintegral.com/seguros/viaje","https://valentinproteccionintegral.com/en/insurance/travel-insurance","https://valentinproteccionintegral.com/seguros/viaje","Travel insurance in Madrid | Valentín Protección Integral","Travel insurance shaped around your destination, duration and reason for travelling","index, follow","unknown","yes","allowed","index","public_indexable_200","unknown","unknown","unknown","en","unknown","unknown","app/[locale]/about-us/page.tsx","yes","sitemap_present","378","100","unknown","unknown","","yes","no","yes","yes","no"
"https://valentinproteccionintegral.com/empresas","yes","es","200","https://valentinproteccionintegral.com/empresas","0","yes","https://valentinproteccionintegral.com/empresas","unknown","unknown","unknown","Soluciones para empresas | Salud y Ciberseguridad | Valentín Protección Integral","Protección para las personas y para la continuidad del negocio","index, follow","unknown","yes","allowed","index","public_indexable_200","unknown","unknown","unknown","es","unknown","unknown","app/[locale]/about-us/page.tsx","yes","sitemap_present","185","78","unknown","unknown","","yes","yes","yes","yes","no"
"https://valentinproteccionintegral.com/internacional","yes","es","200","https://valentinproteccionintegral.com/internacional","0","yes","https://valentinproteccionintegral.com/internacional","https://valentinproteccionintegral.com/internacional","https://valentinproteccionintegral.com/en/international","https://valentinproteccionintegral.com/internacional","VPI Internacional | Preparar tu llegada a nuevos destinos","Cuando el destino cambia,también cambia lo que necesitas alrededor","index, follow","unknown","yes","allowed","index","public_indexable_200","unknown","unknown","unknown","es","unknown","unknown","app/internacional/page.tsx","yes","sitemap_present","275","81","unknown","unknown","","yes","yes","no","yes","no"
"https://valentinproteccionintegral.com/empresas/salud","yes","es","200","https://valentinproteccionintegral.com/empresas/salud","0","yes","https://valentinproteccionintegral.com/empresas/salud","unknown","unknown","unknown","Seguro de salud para empresas y autónomos | Valentín Protección Integral","Cuida a tu equipo sin perder de vista el coste","index, follow","unknown","yes","allowed","index","public_indexable_200","unknown","unknown","unknown","es","unknown","unknown","app/[locale]/about-us/page.tsx","yes","sitemap_present","453","78","unknown","unknown","","yes","yes","yes","yes","no"
"https://valentinproteccionintegral.com/en/international","no","en","200","https://valentinproteccionintegral.com/en/international","0","yes","https://valentinproteccionintegral.com/en/international","https://valentinproteccionintegral.com/internacional","https://valentinproteccionintegral.com/en/international","https://valentinproteccionintegral.com/internacional","VPI International | Prepare your arrival in new destinations","When your destination changes,so does what you need around you","index, follow","unknown","yes","allowed","index","public_indexable_200","unknown","unknown","unknown","en","unknown","unknown","unknown","yes","sitemap_present","225","81","unknown","unknown","","yes","no","no","yes","no"
"https://valentinproteccionintegral.com/internacional/corea-del-sur","yes","es","200","https://valentinproteccionintegral.com/internacional/corea-del-sur","0","yes","https://valentinproteccionintegral.com/internacional/corea-del-sur","https://valentinproteccionintegral.com/internacional/corea-del-sur","https://valentinproteccionintegral.com/en/international/south-korea","https://valentinproteccionintegral.com/internacional/corea-del-sur","Vivir en Corea del Sur | VPI × LandKorea","Tu nueva vidaen Coreaempieza antesde aterrizar","index, follow","unknown","yes","allowed","index","public_indexable_200","unknown","unknown","unknown","es","unknown","unknown","app/internacional/corea-del-sur/page.tsx","yes","sitemap_present","6","79","unknown","unknown","","yes","yes","no","yes","no"
"https://valentinproteccionintegral.com/internacional/india","yes","es","200","https://valentinproteccionintegral.com/internacional/india","0","yes","https://valentinproteccionintegral.com/internacional/india","https://valentinproteccionintegral.com/internacional/india","https://valentinproteccionintegral.com/en/international/india","https://valentinproteccionintegral.com/internacional/india","Estudiar en España desde India | Aara Consultancy × VPI","Tu camino de India a Españaempieza mucho antes del vuelo.","index, follow","unknown","yes","allowed","index","public_indexable_200","unknown","unknown","unknown","es","unknown","unknown","app/internacional/india/page.tsx","yes","sitemap_present","6","79","unknown","unknown","","yes","yes","no","yes","no"
"https://valentinproteccionintegral.com/internacional/peru","yes","es","200","https://valentinproteccionintegral.com/internacional/peru","0","yes","https://valentinproteccionintegral.com/internacional/peru","https://valentinproteccionintegral.com/internacional/peru","https://valentinproteccionintegral.com/en/international/peru","https://valentinproteccionintegral.com/internacional/peru","Perú, España y movilidad internacional | VIP Global Perú × VPI","Perú puede serel inicio.O el destino.","index, follow","unknown","yes","allowed","index","public_indexable_200","unknown","unknown","unknown","es","unknown","unknown","app/internacional/peru/page.tsx","yes","sitemap_present","6","76","unknown","unknown","","yes","yes","no","yes","no"
"https://valentinproteccionintegral.com/en/international/peru","no","en","200","https://valentinproteccionintegral.com/en/international/peru","0","yes","https://valentinproteccionintegral.com/en/international/peru","https://valentinproteccionintegral.com/internacional/peru","https://valentinproteccionintegral.com/en/international/peru","https://valentinproteccionintegral.com/internacional/peru","Peru, Spain and international mobility | VIP Global Perú × VPI","Peru can bethe beginning.Or the destination.","index, follow","unknown","yes","allowed","index","public_indexable_200","unknown","unknown","unknown","en","unknown","unknown","unknown","yes","sitemap_present","4","76","unknown","unknown","","yes","no","no","yes","no"
"https://valentinproteccionintegral.com/autonomos","yes","es","200","https://valentinproteccionintegral.com/autonomos","0","yes","https://valentinproteccionintegral.com/autonomos","https://valentinproteccionintegral.com/autonomos","https://valentinproteccionintegral.com/en/for/self-employed","https://valentinproteccionintegral.com/autonomos","Seguro para Autónomos en Madrid | Valentín","Seguros Autónomos Madrid 2026:IRPF, RC y Accidentes","index, follow","unknown","yes","allowed","index","public_indexable_200","unknown","unknown","unknown","es","unknown","unknown","app/autonomos/page.tsx","yes","sitemap_present","17","79","unknown","unknown","","yes","yes","no","yes","no"
"https://valentinproteccionintegral.com/zonas","yes","es","200","https://valentinproteccionintegral.com/zonas","0","yes","https://valentinproteccionintegral.com/zonas","unknown","unknown","unknown","Seguros en Boadilla del Monte y Madrid Oeste | Valentín Protección Integral","Atención personalizada en seguros en Boadilla del Monte y alrededores","index, follow","unknown","yes","allowed","index","public_indexable_200","unknown","unknown","unknown","es","unknown","unknown","app/zonas/page.tsx","yes","sitemap_present","649","85","unknown","unknown","","yes","yes","no","yes","no"
"https://valentinproteccionintegral.com/internacional/australia","yes","es","200","https://valentinproteccionintegral.com/internacional/australia","0","yes","https://valentinproteccionintegral.com/internacional/australia","https://valentinproteccionintegral.com/internacional/australia","https://valentinproteccionintegral.com/en/international/australia","https://valentinproteccionintegral.com/internacional/australia","Vivir, estudiar y trabajar en Australia | VPI Internacional","Australia tienemuchas formasde empezar.","index, follow","unknown","yes","allowed","index","public_indexable_200","unknown","unknown","unknown","es","unknown","unknown","app/internacional/australia/page.tsx","yes","sitemap_present","6","78","unknown","unknown","","yes","yes","no","yes","no"
"https://valentinproteccionintegral.com/zonas/boadilla-del-monte","yes","es","200","https://valentinproteccionintegral.com/zonas/boadilla-del-monte","0","yes","https://valentinproteccionintegral.com/zonas/boadilla-del-monte","unknown","unknown","unknown","Seguros en Boadilla del Monte — Asesoría Personal | VPI","Seguro de salud en Boadilla del Monte","index, follow","unknown","yes","allowed","index","public_indexable_200","unknown","unknown","unknown","es","unknown","unknown","app/zonas/boadilla-del-monte/page.tsx","yes","sitemap_present","6","73","unknown","unknown","","yes","yes","no","yes","no"
"https://valentinproteccionintegral.com/zonas/pozuelo-de-alarcon","yes","es","200","https://valentinproteccionintegral.com/zonas/pozuelo-de-alarcon","0","yes","https://valentinproteccionintegral.com/zonas/pozuelo-de-alarcon","unknown","unknown","unknown","Seguros en Pozuelo de Alarcón — Asesoría Personal | Valentín Protección Integral","Seguro de salud en Pozuelo de Alarcón","index, follow","unknown","yes","allowed","index","public_indexable_200","unknown","unknown","unknown","es","unknown","unknown","app/zonas/pozuelo-de-alarcon/page.tsx","yes","sitemap_present","4","73","unknown","unknown","","yes","yes","no","yes","no"
"https://valentinproteccionintegral.com/zonas/majadahonda","yes","es","200","https://valentinproteccionintegral.com/zonas/majadahonda","0","yes","https://valentinproteccionintegral.com/zonas/majadahonda","unknown","unknown","unknown","Seguros en Majadahonda — Asesoría Personal | Valentín Protección Integral","Seguro de salud en Majadahonda","index, follow","unknown","yes","allowed","index","public_indexable_200","unknown","unknown","unknown","es","unknown","unknown","app/zonas/majadahonda/page.tsx","yes","sitemap_present","4","73","unknown","unknown","","yes","yes","no","yes","no"
"https://valentinproteccionintegral.com/zonas/madrid","yes","es","200","https://valentinproteccionintegral.com/zonas/madrid","0","yes","https://valentinproteccionintegral.com/zonas/madrid","unknown","unknown","unknown","Seguros en Madrid — Asesoría Personal | Valentín Protección Integral","Seguro de salud en Madrid","index, follow","unknown","yes","allowed","index","public_indexable_200","unknown","unknown","unknown","es","unknown","unknown","app/zonas/madrid/page.tsx","yes","sitemap_present","4","73","unknown","unknown","","yes","yes","no","yes","no"
"https://valentinproteccionintegral.com/como-te-ayudamos","yes","es","200","https://valentinproteccionintegral.com/como-te-ayudamos","0","yes","https://valentinproteccionintegral.com/como-te-ayudamos","https://valentinproteccionintegral.com/como-te-ayudamos","https://valentinproteccionintegral.com/en/how-we-help","https://valentinproteccionintegral.com/como-te-ayudamos","Cómo Te Ayudamos · Seguros en Madrid | VPI","No somos un portal automático. Somos tu asesor.","index, follow","unknown","yes","allowed","index","public_indexable_200","unknown","unknown","unknown","es","unknown","unknown","app/[locale]/about-us/page.tsx","yes","sitemap_present","281","85","unknown","unknown","","yes","yes","yes","yes","no"
"https://valentinproteccionintegral.com/sobre-nosotros","yes","es","200","https://valentinproteccionintegral.com/sobre-nosotros","0","yes","https://valentinproteccionintegral.com/sobre-nosotros","https://valentinproteccionintegral.com/sobre-nosotros","https://valentinproteccionintegral.com/en/about-us","https://valentinproteccionintegral.com/sobre-nosotros","Rosa y Sebastián · Asesores de Seguros en Madrid","Rosa y Sebastián: el equipo que protege a familias en Madrid desde hace más de 10 años","index, follow","unknown","yes","allowed","index","public_indexable_200","unknown","unknown","unknown","es","unknown","unknown","app/[locale]/about-us/page.tsx","yes","sitemap_present","278","80","unknown","unknown","","yes","yes","yes","yes","no"
"https://valentinproteccionintegral.com/en/international/india","no","en","200","https://valentinproteccionintegral.com/en/international/india","0","yes","https://valentinproteccionintegral.com/en/international/india","https://valentinproteccionintegral.com/internacional/india","https://valentinproteccionintegral.com/en/international/india","https://valentinproteccionintegral.com/internacional/india","Study in Spain from India | Aara Consultancy × VPI","Your path from India to Spainstarts long before the flight.","index, follow","unknown","yes","allowed","index","public_indexable_200","unknown","unknown","unknown","en","unknown","unknown","unknown","yes","sitemap_present","4","79","unknown","unknown","","yes","no","no","yes","no"
"https://valentinproteccionintegral.com/opiniones","yes","es","200","https://valentinproteccionintegral.com/opiniones","0","yes","https://valentinproteccionintegral.com/opiniones","https://valentinproteccionintegral.com/opiniones","https://valentinproteccionintegral.com/en/reviews","https://valentinproteccionintegral.com/opiniones","Opiniones reales en Google · Valentín Protección Integral","La confianza también se construye escuchando","index, follow","unknown","yes","allowed","index","public_indexable_200","unknown","unknown","unknown","es","unknown","unknown","app/[locale]/about-us/page.tsx","yes","sitemap_present","275","80","unknown","unknown","","yes","yes","yes","yes","no"
"https://valentinproteccionintegral.com/para/familias","yes","es","200","https://valentinproteccionintegral.com/para/familias","0","yes","https://valentinproteccionintegral.com/para/familias","unknown","unknown","unknown","Seguros para Familias en Madrid | Valentín","Seguros Familiares Madrid:Protección Completa para tu Familia","index, follow","unknown","yes","allowed","index","public_indexable_200","unknown","unknown","unknown","es","unknown","unknown","app/[locale]/about-us/page.tsx","yes","sitemap_present","96","75","unknown","unknown","","yes","yes","yes","yes","no"
"https://valentinproteccionintegral.com/para/seniors","yes","es","200","https://valentinproteccionintegral.com/para/seniors","0","yes","https://valentinproteccionintegral.com/para/seniors","unknown","unknown","unknown","Seguros para Mayores de 70 en Madrid — Sin Letra Pequeña | VPI","Seguros para Mayores Madrid:Decesos, Salud y Asistencia","index, follow","unknown","yes","allowed","index","public_indexable_200","unknown","unknown","unknown","es","unknown","unknown","app/[locale]/about-us/page.tsx","yes","sitemap_present","96","75","unknown","unknown","","yes","yes","yes","yes","no"
"https://valentinproteccionintegral.com/para/jovenes-profesionales","yes","es","200","https://valentinproteccionintegral.com/para/jovenes-profesionales","0","yes","https://valentinproteccionintegral.com/para/jovenes-profesionales","unknown","unknown","unknown","Seguros para Jóvenes Profesionales Madrid | Valentín","Seguros Jóvenes Profesionales Madrid:Salud e Hipoteca","index, follow","unknown","yes","allowed","index","public_indexable_200","unknown","unknown","unknown","es","unknown","unknown","app/[locale]/about-us/page.tsx","yes","sitemap_present","95","75","unknown","unknown","","yes","yes","yes","yes","no"
"https://valentinproteccionintegral.com/blog","yes","es","200","https://valentinproteccionintegral.com/blog","0","yes","https://valentinproteccionintegral.com/blog","https://valentinproteccionintegral.com/blog","https://valentinproteccionintegral.com/en/blog","https://valentinproteccionintegral.com/blog","Blog de Seguros · Consejos Sin Letra Pequeña | Valentín","Contenido útil para decidir con más criterio","index, follow","unknown","yes","allowed","index","public_indexable_200","unknown","unknown","unknown","es","unknown","unknown","app/[locale]/about-us/page.tsx","yes","sitemap_present","580","109","unknown","unknown","","yes","yes","yes","yes","no"
"https://valentinproteccionintegral.com/blog/mejor-seguro-medico-calidad-precio-espana","no","es","200","https://valentinproteccionintegral.com/blog/mejor-seguro-medico-calidad-precio-espana","0","yes","https://valentinproteccionintegral.com/blog/mejor-seguro-medico-calidad-precio-espana","https://valentinproteccionintegral.com/blog/mejor-seguro-medico-calidad-precio-espana","https://valentinproteccionintegral.com/en/blog/best-value-health-insurance-spain","https://valentinproteccionintegral.com/blog/mejor-seguro-medico-calidad-precio-espana","Mejor seguro médico calidad-precio España 2026 | Valentín","¿Cuál es el mejor seguro médico calidad-precio en España? Guía honesta 2026","index, follow","unknown","yes","allowed","index","public_indexable_200","unknown","unknown","unknown","es","unknown","unknown","unknown","yes","sitemap_present","34","108","unknown","unknown","","yes","no","no","yes","no"
"https://valentinproteccionintegral.com/en/international/south-korea","no","en","200","https://valentinproteccionintegral.com/en/international/south-korea","0","yes","https://valentinproteccionintegral.com/en/international/south-korea","https://valentinproteccionintegral.com/internacional/corea-del-sur","https://valentinproteccionintegral.com/en/international/south-korea","https://valentinproteccionintegral.com/internacional/corea-del-sur","Living in South Korea | VPI × LandKorea","Your new lifein Koreastarts beforeyou land","index, follow","unknown","yes","allowed","index","public_indexable_200","unknown","unknown","unknown","en","unknown","unknown","unknown","yes","sitemap_present","4","79","unknown","unknown","","yes","no","no","yes","no"
"https://valentinproteccionintegral.com/en/international/australia","no","en","200","https://valentinproteccionintegral.com/en/international/australia","0","yes","https://valentinproteccionintegral.com/en/international/australia","https://valentinproteccionintegral.com/internacional/australia","https://valentinproteccionintegral.com/en/international/australia","https://valentinproteccionintegral.com/internacional/australia","Living, studying and working in Australia | VPI International","Australia offersmany waysto begin.","index, follow","unknown","yes","allowed","index","public_indexable_200","unknown","unknown","unknown","en","unknown","unknown","unknown","yes","sitemap_present","4","78","unknown","unknown","","yes","no","no","yes","no"
"https://valentinproteccionintegral.com/blog/fiarse-opiniones-para-elegir-seguro","no","es","200","https://valentinproteccionintegral.com/blog/fiarse-opiniones-para-elegir-seguro","0","yes","https://valentinproteccionintegral.com/blog/fiarse-opiniones-para-elegir-seguro","https://valentinproteccionintegral.com/blog/fiarse-opiniones-para-elegir-seguro","https://valentinproteccionintegral.com/en/blog/insurance-reviews-and-comparisons","https://valentinproteccionintegral.com/blog/fiarse-opiniones-para-elegir-seguro","¿Son fiables las opiniones de seguros? 2026 | Valentín","¿Me puedo fiar de las opiniones para saber si un seguro es mejor?","index, follow","unknown","yes","allowed","index","public_indexable_200","unknown","unknown","unknown","es","unknown","unknown","unknown","yes","sitemap_present","34","108","unknown","unknown","","yes","no","no","yes","no"
"https://valentinproteccionintegral.com/blog/incluir-personas-poliza-medica","no","es","200","https://valentinproteccionintegral.com/blog/incluir-personas-poliza-medica","0","yes","https://valentinproteccionintegral.com/blog/incluir-personas-poliza-medica","https://valentinproteccionintegral.com/blog/incluir-personas-poliza-medica","https://valentinproteccionintegral.com/en/blog/add-people-to-health-insurance","https://valentinproteccionintegral.com/blog/incluir-personas-poliza-medica","Añadir personas al seguro médico · Quién puede entrar y cómo 2026","¿Puedo incluir en la póliza médica a más personas? Guía completa 2026","index, follow","unknown","yes","allowed","index","public_indexable_200","unknown","unknown","unknown","es","unknown","unknown","unknown","yes","sitemap_present","8","108","unknown","unknown","","yes","no","no","yes","no"
"https://valentinproteccionintegral.com/blog/seguros-salud-cubren-recien-nacidos","no","es","200","https://valentinproteccionintegral.com/blog/seguros-salud-cubren-recien-nacidos","0","yes","https://valentinproteccionintegral.com/blog/seguros-salud-cubren-recien-nacidos","https://valentinproteccionintegral.com/blog/seguros-salud-cubren-recien-nacidos","https://valentinproteccionintegral.com/en/blog/health-insurance-newborn-cover","https://valentinproteccionintegral.com/blog/seguros-salud-cubren-recien-nacidos","¿Los seguros de salud cubren a recién nacidos? Guía completa 2026","¿Los seguros de salud cubren a los recién nacidos? Guía completa 2026","index, follow","unknown","yes","allowed","index","public_indexable_200","unknown","unknown","unknown","es","unknown","unknown","unknown","yes","sitemap_present","6","108","unknown","unknown","","yes","no","no","yes","no"
"https://valentinproteccionintegral.com/blog/donde-consultar-que-incluye-mi-poliza","no","es","200","https://valentinproteccionintegral.com/blog/donde-consultar-que-incluye-mi-poliza","0","yes","https://valentinproteccionintegral.com/blog/donde-consultar-que-incluye-mi-poliza","https://valentinproteccionintegral.com/blog/donde-consultar-que-incluye-mi-poliza","https://valentinproteccionintegral.com/en/blog/where-to-check-your-insurance-cover","https://valentinproteccionintegral.com/blog/donde-consultar-que-incluye-mi-poliza","Dónde consultar el contenido de mi póliza · Guía práctica 2026","¿Dónde puedo consultar qué se incluye en mi póliza? Guía completa 2026","index, follow","unknown","yes","allowed","index","public_indexable_200","unknown","unknown","unknown","es","unknown","unknown","unknown","yes","sitemap_present","6","108","unknown","unknown","","yes","no","no","yes","no"
"https://valentinproteccionintegral.com/blog/seguro-de-vida-riesgo-que-es","no","es","200","https://valentinproteccionintegral.com/blog/seguro-de-vida-riesgo-que-es","0","yes","https://valentinproteccionintegral.com/blog/seguro-de-vida-riesgo-que-es","https://valentinproteccionintegral.com/blog/seguro-de-vida-riesgo-que-es","https://valentinproteccionintegral.com/en/blog/life-insurance-cover-guide","https://valentinproteccionintegral.com/blog/seguro-de-vida-riesgo-que-es","¿Qué es un seguro de vida riesgo? Coberturas y exclusiones 2026","¿Qué es un seguro de vida riesgo? Coberturas, exclusiones y precios 2026","index, follow","unknown","yes","allowed","index","public_indexable_200","unknown","unknown","unknown","es","unknown","unknown","unknown","yes","sitemap_present","6","108","unknown","unknown","","yes","no","no","yes","no"
"https://valentinproteccionintegral.com/blog/tipos-de-seguros-de-vida","no","es","200","https://valentinproteccionintegral.com/blog/tipos-de-seguros-de-vida","0","yes","https://valentinproteccionintegral.com/blog/tipos-de-seguros-de-vida","https://valentinproteccionintegral.com/blog/tipos-de-seguros-de-vida","https://valentinproteccionintegral.com/en/blog/types-of-life-insurance","https://valentinproteccionintegral.com/blog/tipos-de-seguros-de-vida","Tipos de seguros de vida en España · Cuál elegir en 2026","¿Qué tipos de seguros de vida existen? Guía honesta 2026","index, follow","unknown","yes","allowed","index","public_indexable_200","unknown","unknown","unknown","es","unknown","unknown","unknown","yes","sitemap_present","6","108","unknown","unknown","","yes","no","no","yes","no"
"https://valentinproteccionintegral.com/blog/seguro-medico-asistencia-en-viaje-que-cubre","no","es","200","https://valentinproteccionintegral.com/blog/seguro-medico-asistencia-en-viaje-que-cubre","0","yes","https://valentinproteccionintegral.com/blog/seguro-medico-asistencia-en-viaje-que-cubre","https://valentinproteccionintegral.com/blog/seguro-medico-asistencia-en-viaje-que-cubre","https://valentinproteccionintegral.com/en/blog/travel-medical-assistance-insurance","https://valentinproteccionintegral.com/blog/seguro-medico-asistencia-en-viaje-que-cubre","¿Qué cubre un seguro médico de asistencia en viaje? Guía 2026","¿Qué cubre un seguro médico de asistencia en viaje? Guía completa 2026","index, follow","unknown","yes","allowed","index","public_indexable_200","unknown","unknown","unknown","es","unknown","unknown","unknown","yes","sitemap_present","6","108","unknown","unknown","","yes","no","no","yes","no"
"https://valentinproteccionintegral.com/blog/ventajas-agente-de-seguros","no","es","200","https://valentinproteccionintegral.com/blog/ventajas-agente-de-seguros","0","yes","https://valentinproteccionintegral.com/blog/ventajas-agente-de-seguros","https://valentinproteccionintegral.com/blog/ventajas-agente-de-seguros","https://valentinproteccionintegral.com/en/blog/insurance-agent-benefits","https://valentinproteccionintegral.com/blog/ventajas-agente-de-seguros","Ventajas de tener un agente de seguros · Guía honesta 2026","¿Cuáles son las ventajas de tener un agente de seguros? | Guía 2026","index, follow","unknown","yes","allowed","index","public_indexable_200","unknown","unknown","unknown","es","unknown","unknown","unknown","yes","sitemap_present","6","108","unknown","unknown","","yes","no","no","yes","no"
"https://valentinproteccionintegral.com/blog/seguro-medico-privado-madrid","no","es","200","https://valentinproteccionintegral.com/blog/seguro-medico-privado-madrid","0","yes","https://valentinproteccionintegral.com/blog/seguro-medico-privado-madrid","https://valentinproteccionintegral.com/blog/seguro-medico-privado-madrid","https://valentinproteccionintegral.com/en/blog/private-health-insurance-madrid","https://valentinproteccionintegral.com/blog/seguro-medico-privado-madrid","¿Cuál es el mejor seguro médico privado en Madrid? | Guía 2026","¿Cuál es el mejor seguro médico privado en Madrid? | Guía 2026","index, follow","unknown","yes","allowed","index","public_indexable_200","unknown","unknown","unknown","es","unknown","unknown","unknown","yes","sitemap_present","6","108","unknown","unknown","","yes","no","no","yes","no"
"https://valentinproteccionintegral.com/blog/guia-seguro-salud-espana-2026","no","es","200","https://valentinproteccionintegral.com/blog/guia-seguro-salud-espana-2026","0","yes","https://valentinproteccionintegral.com/blog/guia-seguro-salud-espana-2026","https://valentinproteccionintegral.com/blog/guia-seguro-salud-espana-2026","https://valentinproteccionintegral.com/en/blog/health-insurance-guide-spain-2026","https://valentinproteccionintegral.com/blog/guia-seguro-salud-espana-2026","Guía para elegir el mejor seguro de salud en España en 2026 | VPI","Guía para elegir el mejor seguro de salud en España en 2026","index, follow","unknown","yes","allowed","index","public_indexable_200","unknown","unknown","unknown","es","unknown","unknown","unknown","yes","sitemap_present","6","84","unknown","unknown","","yes","no","no","yes","no"
"https://valentinproteccionintegral.com/blog/mejor-seguro-salud-madrid-2026","no","es","200","https://valentinproteccionintegral.com/blog/mejor-seguro-salud-madrid-2026","0","yes","https://valentinproteccionintegral.com/blog/mejor-seguro-salud-madrid-2026","https://valentinproteccionintegral.com/blog/mejor-seguro-salud-madrid-2026","https://valentinproteccionintegral.com/en/blog/best-health-insurance-madrid-2026","https://valentinproteccionintegral.com/blog/mejor-seguro-salud-madrid-2026","Mejor seguro de salud Madrid 2026 | Valentín","Mejor Seguro de Salud en Madrid 2026: Guía completa de coberturas y hospitales","index, follow","unknown","yes","allowed","index","public_indexable_200","unknown","unknown","unknown","es","unknown","unknown","unknown","yes","sitemap_present","6","124","unknown","unknown","","yes","no","no","yes","no"
"https://valentinproteccionintegral.com/blog/seguro-vida-esencial-familia","no","es","200","https://valentinproteccionintegral.com/blog/seguro-vida-esencial-familia","0","yes","https://valentinproteccionintegral.com/blog/seguro-vida-esencial-familia","https://valentinproteccionintegral.com/blog/seguro-vida-esencial-familia","https://valentinproteccionintegral.com/en/blog/life-insurance-family-protection","https://valentinproteccionintegral.com/blog/seguro-vida-esencial-familia","Seguro de vida para familias: por qué es esencial | VPI","Por qué un seguro de vida es esencial para tu familia: Casos reales y consejos","index, follow","unknown","yes","allowed","index","public_indexable_200","unknown","unknown","unknown","es","unknown","unknown","unknown","yes","sitemap_present","6","84","unknown","unknown","","yes","no","no","yes","no"
"https://valentinproteccionintegral.com/garantias","yes","es","200","https://valentinproteccionintegral.com/garantias","0","yes","unknown","unknown","unknown","unknown","Asesora de Seguros en Madrid · Registro oficial DGSFP","Lo que prometemos, lo cumplimos. Sin letra pequeña.","index, follow","unknown","yes","allowed","index","public_indexable_200","unknown","unknown","unknown","es","unknown","unknown","app/garantias/page.tsx","yes","sitemap_present","0","73","unknown","unknown","","yes","yes","no","no","no"
"https://valentinproteccionintegral.com/blog/seguros-mascotas-2026-vale-la-pena","no","es","200","https://valentinproteccionintegral.com/blog/seguros-mascotas-2026-vale-la-pena","0","yes","https://valentinproteccionintegral.com/blog/seguros-mascotas-2026-vale-la-pena","https://valentinproteccionintegral.com/blog/seguros-mascotas-2026-vale-la-pena","https://valentinproteccionintegral.com/en/blog/pet-insurance-worth-it-2026","https://valentinproteccionintegral.com/blog/seguros-mascotas-2026-vale-la-pena","Seguros para mascotas en 2026: ¿Vale la pena contratarlos? | VPI","Seguros para mascotas en 2026: ¿Vale la pena?","index, follow","unknown","yes","allowed","index","public_indexable_200","unknown","unknown","unknown","es","unknown","unknown","unknown","yes","sitemap_present","6","84","unknown","unknown","","yes","no","no","yes","no"
"https://valentinproteccionintegral.com/blog/seguro-perros-madrid-ley-bienestar-2026","no","es","200","https://valentinproteccionintegral.com/blog/seguro-perros-madrid-ley-bienestar-2026","0","yes","https://valentinproteccionintegral.com/blog/seguro-perros-madrid-ley-bienestar-2026","https://valentinproteccionintegral.com/blog/seguro-perros-madrid-ley-bienestar-2026","https://valentinproteccionintegral.com/en/blog/dog-liability-insurance-madrid-2026","https://valentinproteccionintegral.com/blog/seguro-perros-madrid-ley-bienestar-2026","Seguro Perros Madrid 2026: Ley Bienestar Animal | VPI","Responsabilidad Civil para Perros en Madrid: Guía de la Ley de Bienestar Animal","index, follow","unknown","yes","allowed","index","public_indexable_200","unknown","unknown","unknown","es","unknown","unknown","unknown","yes","sitemap_present","7","84","unknown","unknown","","yes","no","no","yes","no"
"https://valentinproteccionintegral.com/blog/seguro-vida-hipoteca-obligatorio","no","es","200","https://valentinproteccionintegral.com/blog/seguro-vida-hipoteca-obligatorio","0","yes","https://valentinproteccionintegral.com/blog/seguro-vida-hipoteca-obligatorio","https://valentinproteccionintegral.com/blog/seguro-vida-hipoteca-obligatorio","https://valentinproteccionintegral.com/en/blog/life-insurance-required-with-mortgage","https://valentinproteccionintegral.com/blog/seguro-vida-hipoteca-obligatorio","Seguro de vida e hipoteca: ¿Es obligatorio? | VPI","¿Es obligatorio el seguro de vida con la hipoteca? Lo que los bancos no te cuentan","index, follow","unknown","yes","allowed","index","public_indexable_200","unknown","unknown","unknown","es","unknown","unknown","unknown","yes","sitemap_present","6","84","unknown","unknown","","yes","no","no","yes","no"
"https://valentinproteccionintegral.com/blog/asesor-seguros-vs-portal-online","no","es","200","https://valentinproteccionintegral.com/blog/asesor-seguros-vs-portal-online","0","yes","https://valentinproteccionintegral.com/blog/asesor-seguros-vs-portal-online","https://valentinproteccionintegral.com/blog/asesor-seguros-vs-portal-online","https://valentinproteccionintegral.com/en/blog/insurance-advisor-vs-comparison-site","https://valentinproteccionintegral.com/blog/asesor-seguros-vs-portal-online","Asesor de Seguros vs Comparador Online | VPI","Asesor Personal vs. Comparador Online: Por qué la letra pequeña te puede salir cara","index, follow","unknown","yes","allowed","index","public_indexable_200","unknown","unknown","unknown","es","unknown","unknown","unknown","yes","sitemap_present","6","84","unknown","unknown","","yes","no","no","yes","no"
"https://valentinproteccionintegral.com/blog/seguros-boadilla-del-monte","no","es","200","https://valentinproteccionintegral.com/blog/seguros-boadilla-del-monte","0","yes","https://valentinproteccionintegral.com/blog/seguros-boadilla-del-monte","https://valentinproteccionintegral.com/blog/seguros-boadilla-del-monte","https://valentinproteccionintegral.com/en/blog/insurance-boadilla-del-monte","https://valentinproteccionintegral.com/blog/seguros-boadilla-del-monte","Seguros en Boadilla del Monte · Guía para Familias 2026","Seguros en Boadilla del Monte: guía para familias y autónomos 2026","index, follow","unknown","yes","allowed","index","public_indexable_200","unknown","unknown","unknown","es","unknown","unknown","unknown","yes","sitemap_present","6","92","unknown","unknown","","yes","no","no","yes","no"
"https://valentinproteccionintegral.com/blog/seguro-perro-obligatorio-madrid","no","es","200","https://valentinproteccionintegral.com/blog/seguro-perro-obligatorio-madrid","0","yes","https://valentinproteccionintegral.com/blog/seguro-perro-obligatorio-madrid","https://valentinproteccionintegral.com/blog/seguro-perro-obligatorio-madrid","https://valentinproteccionintegral.com/en/blog/mandatory-dog-insurance-madrid","https://valentinproteccionintegral.com/blog/seguro-perro-obligatorio-madrid","Seguro Perro Obligatorio Madrid 2026 · Guía Ley Bienestar Animal","Seguro de perro obligatorio en Madrid: qué cubre y cuánto cuesta en 2026","index, follow","unknown","yes","allowed","index","public_indexable_200","unknown","unknown","unknown","es","unknown","unknown","unknown","yes","sitemap_present","6","92","unknown","unknown","","yes","no","no","yes","no"
"https://valentinproteccionintegral.com/blog/cuanto-cuesta-seguro-salud-madrid","no","es","200","https://valentinproteccionintegral.com/blog/cuanto-cuesta-seguro-salud-madrid","0","yes","https://valentinproteccionintegral.com/blog/cuanto-cuesta-seguro-salud-madrid","https://valentinproteccionintegral.com/blog/cuanto-cuesta-seguro-salud-madrid","https://valentinproteccionintegral.com/en/blog/health-insurance-cost-madrid","https://valentinproteccionintegral.com/blog/cuanto-cuesta-seguro-salud-madrid","Precio Seguro Salud Madrid 2026 · ¿Cuánto cuesta realmente?","¿Cuánto cuesta un seguro de salud en Madrid? Precios reales 2026","index, follow","unknown","yes","allowed","index","public_indexable_200","unknown","unknown","unknown","es","unknown","unknown","unknown","yes","sitemap_present","6","92","unknown","unknown","","yes","no","no","yes","no"
"https://valentinproteccionintegral.com/blog/seguro-dental-familias-madrid","no","es","200","https://valentinproteccionintegral.com/blog/seguro-dental-familias-madrid","0","yes","https://valentinproteccionintegral.com/blog/seguro-dental-familias-madrid","https://valentinproteccionintegral.com/blog/seguro-dental-familias-madrid","https://valentinproteccionintegral.com/en/blog/family-dental-insurance-madrid","https://valentinproteccionintegral.com/blog/seguro-dental-familias-madrid","Seguro Dental Familias Madrid · ¿Merece la pena? Guía 2026","Seguro dental para familias en Madrid: guía sin letra pequeña 2026","index, follow","unknown","yes","allowed","index","public_indexable_200","unknown","unknown","unknown","es","unknown","unknown","unknown","yes","sitemap_present","6","92","unknown","unknown","","yes","no","no","yes","no"
"https://valentinproteccionintegral.com/blog/mejor-seguro-salud-autonomos-madrid","no","es","200","https://valentinproteccionintegral.com/blog/mejor-seguro-salud-autonomos-madrid","0","yes","https://valentinproteccionintegral.com/blog/mejor-seguro-salud-autonomos-madrid","https://valentinproteccionintegral.com/blog/mejor-seguro-salud-autonomos-madrid","https://valentinproteccionintegral.com/en/blog/best-health-insurance-self-employed-madrid","https://valentinproteccionintegral.com/blog/mejor-seguro-salud-autonomos-madrid","Seguro Salud Autónomos Madrid 2026 · Guía Fiscal y Precios","Mejor seguro de salud para autónomos en Madrid: Guía fiscal y médica 2026","index, follow","unknown","yes","allowed","index","public_indexable_200","unknown","unknown","unknown","es","unknown","unknown","unknown","yes","sitemap_present","6","92","unknown","unknown","","yes","no","no","yes","no"
"https://valentinproteccionintegral.com/blog/seguros-vida-hipoteca-boadilla-madrid","no","es","200","https://valentinproteccionintegral.com/blog/seguros-vida-hipoteca-boadilla-madrid","0","yes","https://valentinproteccionintegral.com/blog/seguros-vida-hipoteca-boadilla-madrid","https://valentinproteccionintegral.com/blog/seguros-vida-hipoteca-boadilla-madrid","https://valentinproteccionintegral.com/en/blog/mortgage-life-insurance-boadilla","https://valentinproteccionintegral.com/blog/seguros-vida-hipoteca-boadilla-madrid","Ahorrar Seguro Vida Hipoteca Boadilla · Guía Práctica 2026","Seguro de vida vinculado a la hipoteca en Boadilla: Cómo ahorrar un 40%","index, follow","unknown","yes","allowed","index","public_indexable_200","unknown","unknown","unknown","es","unknown","unknown","unknown","yes","sitemap_present","6","92","unknown","unknown","","yes","no","no","yes","no"
"https://valentinproteccionintegral.com/blog/seguro-accidentes-convenio-madrid","no","es","200","https://valentinproteccionintegral.com/blog/seguro-accidentes-convenio-madrid","0","yes","https://valentinproteccionintegral.com/blog/seguro-accidentes-convenio-madrid","https://valentinproteccionintegral.com/blog/seguro-accidentes-convenio-madrid","https://valentinproteccionintegral.com/en/blog/employer-accident-insurance-madrid","https://valentinproteccionintegral.com/blog/seguro-accidentes-convenio-madrid","Seguro Accidentes Convenio Madrid · Obligatorio para Pymes","Seguros de accidentes de convenio en Madrid: Guía para pymes y negocios","index, follow","unknown","yes","allowed","index","public_indexable_200","unknown","unknown","unknown","es","unknown","unknown","unknown","yes","sitemap_present","6","92","unknown","unknown","","yes","no","no","yes","no"
"https://valentinproteccionintegral.com/blog/seguro-ahorro-jubilacion-madrid","no","es","200","https://valentinproteccionintegral.com/blog/seguro-ahorro-jubilacion-madrid","0","yes","https://valentinproteccionintegral.com/blog/seguro-ahorro-jubilacion-madrid","https://valentinproteccionintegral.com/blog/seguro-ahorro-jubilacion-madrid","https://valentinproteccionintegral.com/en/blog/retirement-savings-insurance-madrid","https://valentinproteccionintegral.com/blog/seguro-ahorro-jubilacion-madrid","Seguro Ahorro Jubilación Madrid · Tu Futuro Seguro 2026","Seguros de ahorro y jubilación en Madrid: Cómo asegurar tu futuro 2026","index, follow","unknown","yes","allowed","index","public_indexable_200","unknown","unknown","unknown","es","unknown","unknown","unknown","yes","sitemap_present","6","92","unknown","unknown","","yes","no","no","yes","no"
"https://valentinproteccionintegral.com/blog/seguro-medico-autonomos-madrid-deduccion-fiscal","no","es","200","https://valentinproteccionintegral.com/blog/seguro-medico-autonomos-madrid-deduccion-fiscal","0","yes","https://valentinproteccionintegral.com/blog/seguro-medico-autonomos-madrid-deduccion-fiscal","https://valentinproteccionintegral.com/blog/seguro-medico-autonomos-madrid-deduccion-fiscal","https://valentinproteccionintegral.com/en/blog/self-employed-health-insurance-tax-deduction","https://valentinproteccionintegral.com/blog/seguro-medico-autonomos-madrid-deduccion-fiscal","Seguro médico autónomos Madrid: deducción 500€ IRPF","Seguro médico para autónomos en Madrid: cómo deducirte hasta 500€ en el IRPF","index, follow","unknown","yes","allowed","index","public_indexable_200","unknown","unknown","unknown","es","unknown","unknown","unknown","yes","sitemap_present","8","100","unknown","unknown","","yes","no","no","yes","no"
"https://valentinproteccionintegral.com/blog/seguro-decesos-familiar-madrid-que-cubre","no","es","200","https://valentinproteccionintegral.com/blog/seguro-decesos-familiar-madrid-que-cubre","0","yes","https://valentinproteccionintegral.com/blog/seguro-decesos-familiar-madrid-que-cubre","https://valentinproteccionintegral.com/blog/seguro-decesos-familiar-madrid-que-cubre","https://valentinproteccionintegral.com/en/blog/funeral-insurance-madrid-guide","https://valentinproteccionintegral.com/blog/seguro-decesos-familiar-madrid-que-cubre","Seguro de decesos en Madrid: qué cubre y gestiona","Seguro de decesos en Madrid: qué cubre, qué gestiona y por qué importa antes de necesitarlo","index, follow","unknown","yes","allowed","index","public_indexable_200","unknown","unknown","unknown","es","unknown","unknown","unknown","yes","sitemap_present","8","100","unknown","unknown","","yes","no","no","yes","no"
"https://valentinproteccionintegral.com/blog/seguro-dental-vs-salud-completa-madrid","no","es","200","https://valentinproteccionintegral.com/blog/seguro-dental-vs-salud-completa-madrid","0","yes","https://valentinproteccionintegral.com/blog/seguro-dental-vs-salud-completa-madrid","https://valentinproteccionintegral.com/blog/seguro-dental-vs-salud-completa-madrid","https://valentinproteccionintegral.com/en/blog/dental-vs-comprehensive-health-insurance","https://valentinproteccionintegral.com/blog/seguro-dental-vs-salud-completa-madrid","¿Seguro dental o salud completa? Guía Madrid","¿Seguro dental o salud completa? Lo que nadie te explica antes de contratar en Madrid","index, follow","unknown","yes","allowed","index","public_indexable_200","unknown","unknown","unknown","es","unknown","unknown","unknown","yes","sitemap_present","6","100","unknown","unknown","","yes","no","no","yes","no"
"https://valentinproteccionintegral.com/blog/como-aplicar-protector-solar-beneficios","no","es","200","https://valentinproteccionintegral.com/blog/como-aplicar-protector-solar-beneficios","0","yes","https://valentinproteccionintegral.com/blog/como-aplicar-protector-solar-beneficios","https://valentinproteccionintegral.com/blog/como-aplicar-protector-solar-beneficios","https://valentinproteccionintegral.com/en/blog/how-to-apply-sunscreen","https://valentinproteccionintegral.com/blog/como-aplicar-protector-solar-beneficios","Cómo aplicar correctamente el protector solar: guía completa 2026","Cómo aplicar correctamente el protector solar: beneficios y errores frecuentes","index, follow","unknown","yes","allowed","index","public_indexable_200","unknown","unknown","unknown","es","unknown","unknown","unknown","yes","sitemap_present","8","100","unknown","unknown","","yes","no","no","yes","no"
"https://valentinproteccionintegral.com/blog/cuanto-te-indemniza-realmente-tu-seguro-hipoteca-nomina-en-invalidez-solo-50","yes","es","200","https://valentinproteccionintegral.com/blog/cuanto-te-indemniza-realmente-tu-seguro-hipoteca-nomina-en-invalidez-solo-50","0","yes","https://valentinproteccionintegral.com/blog/cuanto-te-indemniza-realmente-tu-seguro-hipoteca-nomina-en-invalidez-solo-50","unknown","unknown","unknown","Seguro hipoteca en invalidez: ¿cuánto cobras? | Valentín","¿Cuánto te indemniza realmente tu seguro hipoteca o nómina en invalidez? Solo el 50%...","index, follow","unknown","yes","allowed","index","public_indexable_200","unknown","unknown","unknown","es","unknown","unknown","app/blog/cuanto-te-indemniza-realmente-tu-seguro-hipoteca-nomina-en-invalidez-solo-50/page.tsx","yes","sitemap_present","3","76","unknown","unknown","","yes","yes","no","yes","no"
"https://valentinproteccionintegral.com/blog/por-que-necesitas-mas-de-9-000e-en-proteccion-familiar-madrid-2026-must-have","yes","es","200","https://valentinproteccionintegral.com/blog/por-que-necesitas-mas-de-9-000e-en-proteccion-familiar-madrid-2026-must-have","0","yes","https://valentinproteccionintegral.com/blog/por-que-necesitas-mas-de-9-000e-en-proteccion-familiar-madrid-2026-must-have","unknown","unknown","unknown","9.000€ en protección familiar Madrid 2026: must-have","Por qué necesitas más de 9.000€ en protección familiar Madrid 2026: El must-have que nadie cuenta","index, follow","unknown","yes","allowed","index","public_indexable_200","unknown","unknown","unknown","es","unknown","unknown","app/blog/por-que-necesitas-mas-de-9-000e-en-proteccion-familiar-madrid-2026-must-have/page.tsx","yes","sitemap_present","1","76","unknown","unknown","","yes","yes","no","yes","no"
"https://valentinproteccionintegral.com/blog/pasaporte-europeo-mascotas-obligatorio-2026-vacunas-precio-madrid","yes","es","200","https://valentinproteccionintegral.com/blog/pasaporte-europeo-mascotas-obligatorio-2026-vacunas-precio-madrid","0","yes","https://valentinproteccionintegral.com/blog/pasaporte-europeo-mascotas-obligatorio-2026-vacunas-precio-madrid","unknown","unknown","unknown","Pasaporte Europeo Mascotas 2026: Vacunas y Precio","Pasaporte Europeo Mascotas Obligatorio 2026: Vacunas, Precio Madrid y Cómo Cumplir Sin Multas","index, follow","unknown","yes","allowed","index","public_indexable_200","unknown","unknown","unknown","es","unknown","unknown","app/blog/pasaporte-europeo-mascotas-obligatorio-2026-vacunas-precio-madrid/page.tsx","yes","sitemap_present","1","76","unknown","unknown","","yes","yes","no","yes","no"
"https://valentinproteccionintegral.com/en/blog","yes","en","200","https://valentinproteccionintegral.com/en/blog","0","yes","https://valentinproteccionintegral.com/en/blog","https://valentinproteccionintegral.com/blog","https://valentinproteccionintegral.com/en/blog","https://valentinproteccionintegral.com/blog","Insurance Blog · Clear Guides and Advice | Valentín","Useful content to help you decide with confidence","index, follow","unknown","yes","allowed","index","public_indexable_200","unknown","unknown","unknown","en","unknown","unknown","app/[locale]/about-us/page.tsx","yes","sitemap_present","92","108","unknown","unknown","","yes","no","yes","yes","no"
"https://valentinproteccionintegral.com/en/blog/best-value-health-insurance-spain","no","en","200","https://valentinproteccionintegral.com/en/blog/best-value-health-insurance-spain","0","yes","https://valentinproteccionintegral.com/en/blog/best-value-health-insurance-spain","https://valentinproteccionintegral.com/blog/mejor-seguro-medico-calidad-precio-espana","https://valentinproteccionintegral.com/en/blog/best-value-health-insurance-spain","https://valentinproteccionintegral.com/blog/mejor-seguro-medico-calidad-precio-espana","Best quality-price medical insurance Spain 2026 | Valentine","What is the best quality-price health insurance in Spain? Honest Guide 2026","index, follow","unknown","yes","allowed","index","public_indexable_200","unknown","unknown","unknown","en","unknown","unknown","unknown","yes","sitemap_present","4","108","unknown","unknown","","yes","no","no","yes","no"
"https://valentinproteccionintegral.com/en/blog/add-people-to-health-insurance","no","en","200","https://valentinproteccionintegral.com/en/blog/add-people-to-health-insurance","0","yes","https://valentinproteccionintegral.com/en/blog/add-people-to-health-insurance","https://valentinproteccionintegral.com/blog/incluir-personas-poliza-medica","https://valentinproteccionintegral.com/en/blog/add-people-to-health-insurance","https://valentinproteccionintegral.com/blog/incluir-personas-poliza-medica","Add people to health insurance · Who can enter and how 2026","Can I include more people in the medical policy? Complete guide 2026","index, follow","unknown","yes","allowed","index","public_indexable_200","unknown","unknown","unknown","en","unknown","unknown","unknown","yes","sitemap_present","4","108","unknown","unknown","","yes","no","no","yes","no"
"https://valentinproteccionintegral.com/en/blog/where-to-check-your-insurance-cover","no","en","200","https://valentinproteccionintegral.com/en/blog/where-to-check-your-insurance-cover","0","yes","https://valentinproteccionintegral.com/en/blog/where-to-check-your-insurance-cover","https://valentinproteccionintegral.com/blog/donde-consultar-que-incluye-mi-poliza","https://valentinproteccionintegral.com/en/blog/where-to-check-your-insurance-cover","https://valentinproteccionintegral.com/blog/donde-consultar-que-incluye-mi-poliza","Where to Check What Your Policy Includes · Practical Guide 2026","Where can I check what my insurance policy includes? Complete guide 2026","index, follow","unknown","yes","allowed","index","public_indexable_200","unknown","unknown","unknown","en","unknown","unknown","unknown","yes","sitemap_present","4","108","unknown","unknown","","yes","no","no","yes","no"
"https://valentinproteccionintegral.com/en/blog/health-insurance-newborn-cover","no","en","200","https://valentinproteccionintegral.com/en/blog/health-insurance-newborn-cover","0","yes","https://valentinproteccionintegral.com/en/blog/health-insurance-newborn-cover","https://valentinproteccionintegral.com/blog/seguros-salud-cubren-recien-nacidos","https://valentinproteccionintegral.com/en/blog/health-insurance-newborn-cover","https://valentinproteccionintegral.com/blog/seguros-salud-cubren-recien-nacidos","Does health insurance cover newborns? Complete guide 2026","Does health insurance cover newborns? Complete guide 2026","index, follow","unknown","yes","allowed","index","public_indexable_200","unknown","unknown","unknown","en","unknown","unknown","unknown","yes","sitemap_present","4","108","unknown","unknown","","yes","no","no","yes","no"
"https://valentinproteccionintegral.com/en/blog/insurance-reviews-and-comparisons","no","en","200","https://valentinproteccionintegral.com/en/blog/insurance-reviews-and-comparisons","0","yes","https://valentinproteccionintegral.com/en/blog/insurance-reviews-and-comparisons","https://valentinproteccionintegral.com/blog/fiarse-opiniones-para-elegir-seguro","https://valentinproteccionintegral.com/en/blog/insurance-reviews-and-comparisons","https://valentinproteccionintegral.com/blog/fiarse-opiniones-para-elegir-seguro","Can You Trust Insurance Reviews? 2026 | Valentín","Can you trust reviews to decide whether an insurance policy is better?","index, follow","unknown","yes","allowed","index","public_indexable_200","unknown","unknown","unknown","en","unknown","unknown","unknown","yes","sitemap_present","4","108","unknown","unknown","","yes","no","no","yes","no"
"https://valentinproteccionintegral.com/en/blog/types-of-life-insurance","no","en","200","https://valentinproteccionintegral.com/en/blog/types-of-life-insurance","0","yes","https://valentinproteccionintegral.com/en/blog/types-of-life-insurance","https://valentinproteccionintegral.com/blog/tipos-de-seguros-de-vida","https://valentinproteccionintegral.com/en/blog/types-of-life-insurance","https://valentinproteccionintegral.com/blog/tipos-de-seguros-de-vida","Types of life insurance in Spain · Which one to choose in 2026","What types of life insurance are there? An honest guide for 2026","index, follow","unknown","yes","allowed","index","public_indexable_200","unknown","unknown","unknown","en","unknown","unknown","unknown","yes","sitemap_present","4","108","unknown","unknown","","yes","no","no","yes","no"
"https://valentinproteccionintegral.com/en/blog/travel-medical-assistance-insurance","no","en","200","https://valentinproteccionintegral.com/en/blog/travel-medical-assistance-insurance","0","yes","https://valentinproteccionintegral.com/en/blog/travel-medical-assistance-insurance","https://valentinproteccionintegral.com/blog/seguro-medico-asistencia-en-viaje-que-cubre","https://valentinproteccionintegral.com/en/blog/travel-medical-assistance-insurance","https://valentinproteccionintegral.com/blog/seguro-medico-asistencia-en-viaje-que-cubre","What does travel assistance medical insurance cover? Guide 2026","What does travel assistance medical insurance cover? Complete guide 2026","index, follow","unknown","yes","allowed","index","public_indexable_200","unknown","unknown","unknown","en","unknown","unknown","unknown","yes","sitemap_present","4","108","unknown","unknown","","yes","no","no","yes","no"
"https://valentinproteccionintegral.com/en/blog/insurance-agent-benefits","no","en","200","https://valentinproteccionintegral.com/en/blog/insurance-agent-benefits","0","yes","https://valentinproteccionintegral.com/en/blog/insurance-agent-benefits","https://valentinproteccionintegral.com/blog/ventajas-agente-de-seguros","https://valentinproteccionintegral.com/en/blog/insurance-agent-benefits","https://valentinproteccionintegral.com/blog/ventajas-agente-de-seguros","Advantages of Having an Insurance Agent · Honest Guide 2026","What are the advantages of having an insurance agent? | 2026 Guide","index, follow","unknown","yes","allowed","index","public_indexable_200","unknown","unknown","unknown","en","unknown","unknown","unknown","yes","sitemap_present","4","108","unknown","unknown","","yes","no","no","yes","no"
"https://valentinproteccionintegral.com/en/blog/best-health-insurance-madrid-2026","no","en","200","https://valentinproteccionintegral.com/en/blog/best-health-insurance-madrid-2026","0","yes","https://valentinproteccionintegral.com/en/blog/best-health-insurance-madrid-2026","https://valentinproteccionintegral.com/blog/mejor-seguro-salud-madrid-2026","https://valentinproteccionintegral.com/en/blog/best-health-insurance-madrid-2026","https://valentinproteccionintegral.com/blog/mejor-seguro-salud-madrid-2026","Best health insurance Madrid 2026 | Valentine","Best Health Insurance in Madrid 2026: Complete guide to coverage and hospitals","index, follow","unknown","yes","allowed","index","public_indexable_200","unknown","unknown","unknown","en","unknown","unknown","unknown","yes","sitemap_present","4","124","unknown","unknown","","yes","no","no","yes","no"
"https://valentinproteccionintegral.com/en/blog/life-insurance-cover-guide","no","en","200","https://valentinproteccionintegral.com/en/blog/life-insurance-cover-guide","0","yes","https://valentinproteccionintegral.com/en/blog/life-insurance-cover-guide","https://valentinproteccionintegral.com/blog/seguro-de-vida-riesgo-que-es","https://valentinproteccionintegral.com/en/blog/life-insurance-cover-guide","https://valentinproteccionintegral.com/blog/seguro-de-vida-riesgo-que-es","Risk life insurance explained: cover and exclusions 2026","Risk life insurance explained: cover, exclusions and prices 2026","index, follow","unknown","yes","allowed","index","public_indexable_200","unknown","unknown","unknown","en","unknown","unknown","unknown","yes","sitemap_present","4","108","unknown","unknown","","yes","no","no","yes","no"
"https://valentinproteccionintegral.com/en/blog/private-health-insurance-madrid","no","en","200","https://valentinproteccionintegral.com/en/blog/private-health-insurance-madrid","0","yes","https://valentinproteccionintegral.com/en/blog/private-health-insurance-madrid","https://valentinproteccionintegral.com/blog/seguro-medico-privado-madrid","https://valentinproteccionintegral.com/en/blog/private-health-insurance-madrid","https://valentinproteccionintegral.com/blog/seguro-medico-privado-madrid","What is the best private health insurance in Madrid? | Guide 2026","What is the best private health insurance in Madrid? | Guide 2026","index, follow","unknown","yes","allowed","index","public_indexable_200","unknown","unknown","unknown","en","unknown","unknown","unknown","yes","sitemap_present","4","108","unknown","unknown","","yes","no","no","yes","no"
"https://valentinproteccionintegral.com/en/blog/health-insurance-guide-spain-2026","no","en","200","https://valentinproteccionintegral.com/en/blog/health-insurance-guide-spain-2026","0","yes","https://valentinproteccionintegral.com/en/blog/health-insurance-guide-spain-2026","https://valentinproteccionintegral.com/blog/guia-seguro-salud-espana-2026","https://valentinproteccionintegral.com/en/blog/health-insurance-guide-spain-2026","https://valentinproteccionintegral.com/blog/guia-seguro-salud-espana-2026","Guide to choosing the best health insurance in Spain in 2026 | VPI","Guide to choosing the best health insurance in Spain in 2026","index, follow","unknown","yes","allowed","index","public_indexable_200","unknown","unknown","unknown","en","unknown","unknown","unknown","yes","sitemap_present","4","84","unknown","unknown","","yes","no","no","yes","no"
"https://valentinproteccionintegral.com/en/blog/life-insurance-family-protection","no","en","200","https://valentinproteccionintegral.com/en/blog/life-insurance-family-protection","0","yes","https://valentinproteccionintegral.com/en/blog/life-insurance-family-protection","https://valentinproteccionintegral.com/blog/seguro-vida-esencial-familia","https://valentinproteccionintegral.com/en/blog/life-insurance-family-protection","https://valentinproteccionintegral.com/blog/seguro-vida-esencial-familia","Life insurance for families: why it matters | VPI","Why life insurance is essential for your family: real cases and practical advice","index, follow","unknown","yes","allowed","index","public_indexable_200","unknown","unknown","unknown","en","unknown","unknown","unknown","yes","sitemap_present","4","84","unknown","unknown","","yes","no","no","yes","no"
"https://valentinproteccionintegral.com/en/blog/life-insurance-required-with-mortgage","no","en","200","https://valentinproteccionintegral.com/en/blog/life-insurance-required-with-mortgage","0","yes","https://valentinproteccionintegral.com/en/blog/life-insurance-required-with-mortgage","https://valentinproteccionintegral.com/blog/seguro-vida-hipoteca-obligatorio","https://valentinproteccionintegral.com/en/blog/life-insurance-required-with-mortgage","https://valentinproteccionintegral.com/blog/seguro-vida-hipoteca-obligatorio","Life insurance and mortgages: is it compulsory? | VPI","Is life insurance compulsory with a mortgage? What banks do not tell you","index, follow","unknown","yes","allowed","index","public_indexable_200","unknown","unknown","unknown","en","unknown","unknown","unknown","yes","sitemap_present","4","84","unknown","unknown","","yes","no","no","yes","no"
"https://valentinproteccionintegral.com/en/blog/pet-insurance-worth-it-2026","no","en","200","https://valentinproteccionintegral.com/en/blog/pet-insurance-worth-it-2026","0","yes","https://valentinproteccionintegral.com/en/blog/pet-insurance-worth-it-2026","https://valentinproteccionintegral.com/blog/seguros-mascotas-2026-vale-la-pena","https://valentinproteccionintegral.com/en/blog/pet-insurance-worth-it-2026","https://valentinproteccionintegral.com/blog/seguros-mascotas-2026-vale-la-pena","Pet insurance in 2026: Is it worth taking out? | VPI","Pet insurance in 2026: Is it worth it?","index, follow","unknown","yes","allowed","index","public_indexable_200","unknown","unknown","unknown","en","unknown","unknown","unknown","yes","sitemap_present","4","84","unknown","unknown","","yes","no","no","yes","no"
"https://valentinproteccionintegral.com/en/blog/dog-liability-insurance-madrid-2026","no","en","200","https://valentinproteccionintegral.com/en/blog/dog-liability-insurance-madrid-2026","0","yes","https://valentinproteccionintegral.com/en/blog/dog-liability-insurance-madrid-2026","https://valentinproteccionintegral.com/blog/seguro-perros-madrid-ley-bienestar-2026","https://valentinproteccionintegral.com/en/blog/dog-liability-insurance-madrid-2026","https://valentinproteccionintegral.com/blog/seguro-perros-madrid-ley-bienestar-2026","Dog Insurance Madrid 2026: Animal Welfare Act | VPI","Dog liability insurance in Madrid: Animal Welfare Act guide","index, follow","unknown","yes","allowed","index","public_indexable_200","unknown","unknown","unknown","en","unknown","unknown","unknown","yes","sitemap_present","4","84","unknown","unknown","","yes","no","no","yes","no"
"https://valentinproteccionintegral.com/en/blog/insurance-advisor-vs-comparison-site","no","en","200","https://valentinproteccionintegral.com/en/blog/insurance-advisor-vs-comparison-site","0","yes","https://valentinproteccionintegral.com/en/blog/insurance-advisor-vs-comparison-site","https://valentinproteccionintegral.com/blog/asesor-seguros-vs-portal-online","https://valentinproteccionintegral.com/en/blog/insurance-advisor-vs-comparison-site","https://valentinproteccionintegral.com/blog/asesor-seguros-vs-portal-online","Insurance Adviser vs Online Comparison Site | VPI","Personal adviser vs online comparison site: why the small print can cost you","index, follow","unknown","yes","allowed","index","public_indexable_200","unknown","unknown","unknown","en","unknown","unknown","unknown","yes","sitemap_present","4","84","unknown","unknown","","yes","no","no","yes","no"
"https://valentinproteccionintegral.com/en/blog/insurance-boadilla-del-monte","no","en","200","https://valentinproteccionintegral.com/en/blog/insurance-boadilla-del-monte","0","yes","https://valentinproteccionintegral.com/en/blog/insurance-boadilla-del-monte","https://valentinproteccionintegral.com/blog/seguros-boadilla-del-monte","https://valentinproteccionintegral.com/en/blog/insurance-boadilla-del-monte","https://valentinproteccionintegral.com/blog/seguros-boadilla-del-monte","Insurance in Boadilla del Monte · Family Guide 2026","Insurance in Boadilla del Monte: a guide for families and self-employed people 2026","index, follow","unknown","yes","allowed","index","public_indexable_200","unknown","unknown","unknown","en","unknown","unknown","unknown","yes","sitemap_present","4","92","unknown","unknown","","yes","no","no","yes","no"
"https://valentinproteccionintegral.com/en/blog/family-dental-insurance-madrid","no","en","200","https://valentinproteccionintegral.com/en/blog/family-dental-insurance-madrid","0","yes","https://valentinproteccionintegral.com/en/blog/family-dental-insurance-madrid","https://valentinproteccionintegral.com/blog/seguro-dental-familias-madrid","https://valentinproteccionintegral.com/en/blog/family-dental-insurance-madrid","https://valentinproteccionintegral.com/blog/seguro-dental-familias-madrid","Family Dental Insurance Madrid · Is it worth it? Guide 2026","Dental insurance for families in Madrid: guide without fine print 2026","index, follow","unknown","yes","allowed","index","public_indexable_200","unknown","unknown","unknown","en","unknown","unknown","unknown","yes","sitemap_present","4","92","unknown","unknown","","yes","no","no","yes","no"
"https://valentinproteccionintegral.com/en/blog/health-insurance-cost-madrid","no","en","200","https://valentinproteccionintegral.com/en/blog/health-insurance-cost-madrid","0","yes","https://valentinproteccionintegral.com/en/blog/health-insurance-cost-madrid","https://valentinproteccionintegral.com/blog/cuanto-cuesta-seguro-salud-madrid","https://valentinproteccionintegral.com/en/blog/health-insurance-cost-madrid","https://valentinproteccionintegral.com/blog/cuanto-cuesta-seguro-salud-madrid","Health Insurance Price Madrid 2026 · How much does it really cost?","How much does health insurance cost in Madrid? Real prices 2026","index, follow","unknown","yes","allowed","index","public_indexable_200","unknown","unknown","unknown","en","unknown","unknown","unknown","yes","sitemap_present","4","92","unknown","unknown","","yes","no","no","yes","no"
"https://valentinproteccionintegral.com/en/blog/mandatory-dog-insurance-madrid","no","en","200","https://valentinproteccionintegral.com/en/blog/mandatory-dog-insurance-madrid","0","yes","https://valentinproteccionintegral.com/en/blog/mandatory-dog-insurance-madrid","https://valentinproteccionintegral.com/blog/seguro-perro-obligatorio-madrid","https://valentinproteccionintegral.com/en/blog/mandatory-dog-insurance-madrid","https://valentinproteccionintegral.com/blog/seguro-perro-obligatorio-madrid","Mandatory Dog Insurance Madrid 2026 · Animal Welfare Law Guide","Mandatory dog ​​insurance in Madrid: what it covers and how much it costs in 2026","index, follow","unknown","yes","allowed","index","public_indexable_200","unknown","unknown","unknown","en","unknown","unknown","unknown","yes","sitemap_present","4","92","unknown","unknown","","yes","no","no","yes","no"
"https://valentinproteccionintegral.com/en/blog/best-health-insurance-self-employed-madrid","no","en","200","https://valentinproteccionintegral.com/en/blog/best-health-insurance-self-employed-madrid","0","yes","https://valentinproteccionintegral.com/en/blog/best-health-insurance-self-employed-madrid","https://valentinproteccionintegral.com/blog/mejor-seguro-salud-autonomos-madrid","https://valentinproteccionintegral.com/en/blog/best-health-insurance-self-employed-madrid","https://valentinproteccionintegral.com/blog/mejor-seguro-salud-autonomos-madrid","Self-Employed Health Insurance Madrid 2026 · Tax Guide and Prices","Best health insurance for the self-employed in Madrid: Tax and medical guide 2026","index, follow","unknown","yes","allowed","index","public_indexable_200","unknown","unknown","unknown","en","unknown","unknown","unknown","yes","sitemap_present","4","92","unknown","unknown","","yes","no","no","yes","no"
"https://valentinproteccionintegral.com/en/blog/mortgage-life-insurance-boadilla","no","en","200","https://valentinproteccionintegral.com/en/blog/mortgage-life-insurance-boadilla","0","yes","https://valentinproteccionintegral.com/en/blog/mortgage-life-insurance-boadilla","https://valentinproteccionintegral.com/blog/seguros-vida-hipoteca-boadilla-madrid","https://valentinproteccionintegral.com/en/blog/mortgage-life-insurance-boadilla","https://valentinproteccionintegral.com/blog/seguros-vida-hipoteca-boadilla-madrid","Save on Mortgage Life Insurance in Boadilla · Practical Guide 2026","Mortgage-linked life insurance in Boadilla: how to save 40%","index, follow","unknown","yes","allowed","index","public_indexable_200","unknown","unknown","unknown","en","unknown","unknown","unknown","yes","sitemap_present","4","92","unknown","unknown","","yes","no","no","yes","no"
"https://valentinproteccionintegral.com/en/blog/funeral-insurance-madrid-guide","no","en","200","https://valentinproteccionintegral.com/en/blog/funeral-insurance-madrid-guide","0","yes","https://valentinproteccionintegral.com/en/blog/funeral-insurance-madrid-guide","https://valentinproteccionintegral.com/blog/seguro-decesos-familiar-madrid-que-cubre","https://valentinproteccionintegral.com/en/blog/funeral-insurance-madrid-guide","https://valentinproteccionintegral.com/blog/seguro-decesos-familiar-madrid-que-cubre","Funeral insurance in Madrid: what it covers and manages","Funeral insurance in Madrid: what it covers, what it manages and why it matters before you need it","index, follow","unknown","yes","allowed","index","public_indexable_200","unknown","unknown","unknown","en","unknown","unknown","unknown","yes","sitemap_present","6","100","unknown","unknown","","yes","no","no","yes","no"
"https://valentinproteccionintegral.com/en/blog/employer-accident-insurance-madrid","no","en","200","https://valentinproteccionintegral.com/en/blog/employer-accident-insurance-madrid","0","yes","https://valentinproteccionintegral.com/en/blog/employer-accident-insurance-madrid","https://valentinproteccionintegral.com/blog/seguro-accidentes-convenio-madrid","https://valentinproteccionintegral.com/en/blog/employer-accident-insurance-madrid","https://valentinproteccionintegral.com/blog/seguro-accidentes-convenio-madrid","Collective Agreement Accident Insurance Madrid · Mandatory for SMEs","Collective agreement accident insurance in Madrid: Guide for SMEs and businesses","index, follow","unknown","yes","allowed","index","public_indexable_200","unknown","unknown","unknown","en","unknown","unknown","unknown","yes","sitemap_present","4","92","unknown","unknown","","yes","no","no","yes","no"
"https://valentinproteccionintegral.com/contacto","yes","es","200","https://valentinproteccionintegral.com/contacto","0","yes","https://valentinproteccionintegral.com/contacto","https://valentinproteccionintegral.com/contacto","https://valentinproteccionintegral.com/en/contact","https://valentinproteccionintegral.com/contacto","Contacto · Asesor de Seguros Boadilla | VPI","Contacta con Nosotros — Valentín Protección Integral","index, follow","unknown","yes","allowed","index","public_indexable_200","unknown","unknown","unknown","es","unknown","unknown","app/contacto/page.tsx","yes","sitemap_present","596","78","unknown","unknown","","yes","yes","no","yes","no"
"https://valentinproteccionintegral.com/en/blog/self-employed-health-insurance-tax-deduction","no","en","200","https://valentinproteccionintegral.com/en/blog/self-employed-health-insurance-tax-deduction","0","yes","https://valentinproteccionintegral.com/en/blog/self-employed-health-insurance-tax-deduction","https://valentinproteccionintegral.com/blog/seguro-medico-autonomos-madrid-deduccion-fiscal","https://valentinproteccionintegral.com/en/blog/self-employed-health-insurance-tax-deduction","https://valentinproteccionintegral.com/blog/seguro-medico-autonomos-madrid-deduccion-fiscal","Self-employed medical insurance Madrid: €500 personal income tax deduction","Medical insurance for the self-employed in Madrid: how to deduct up to €500 in personal income tax","index, follow","unknown","yes","allowed","index","public_indexable_200","unknown","unknown","unknown","en","unknown","unknown","unknown","yes","sitemap_present","4","100","unknown","unknown","","yes","no","no","yes","no"
"https://valentinproteccionintegral.com/aviso-legal","yes","es","200","https://valentinproteccionintegral.com/aviso-legal","0","no","https://valentinproteccionintegral.com/aviso-legal","https://valentinproteccionintegral.com/aviso-legal","https://valentinproteccionintegral.com/en/legal-notice","https://valentinproteccionintegral.com/aviso-legal","Aviso Legal | Valentín Protección Integral","Aviso Legal","noindex, nofollow","unknown","yes","allowed","noindex_or_redirect","public_noindex_200","unknown","unknown","unknown","es","unknown","unknown","app/[locale]/about-us/page.tsx","no","sitemap_absent_intentional","101","79","unknown","unknown","Deliberate non-indexable public utility/legal surface; no F0 correction.","no","yes","yes","yes","no"
"https://valentinproteccionintegral.com/cookies","yes","es","200","https://valentinproteccionintegral.com/cookies","0","no","https://valentinproteccionintegral.com/cookies","https://valentinproteccionintegral.com/cookies","https://valentinproteccionintegral.com/en/cookies","https://valentinproteccionintegral.com/cookies","Política de Cookies | Valentín Protección Integral","Política de Cookies","noindex, nofollow","unknown","yes","allowed","noindex_or_redirect","public_noindex_200","unknown","unknown","unknown","es","unknown","unknown","app/[locale]/about-us/page.tsx","no","sitemap_absent_intentional","97","79","unknown","unknown","Deliberate non-indexable public utility/legal surface; no F0 correction.","no","yes","yes","yes","no"
"https://valentinproteccionintegral.com/en/blog/retirement-savings-insurance-madrid","no","en","200","https://valentinproteccionintegral.com/en/blog/retirement-savings-insurance-madrid","0","yes","https://valentinproteccionintegral.com/en/blog/retirement-savings-insurance-madrid","https://valentinproteccionintegral.com/blog/seguro-ahorro-jubilacion-madrid","https://valentinproteccionintegral.com/en/blog/retirement-savings-insurance-madrid","https://valentinproteccionintegral.com/blog/seguro-ahorro-jubilacion-madrid","Retirement savings insurance in Madrid · Secure your future 2026","Retirement savings and insurance in Madrid: how to secure your future in 2026","index, follow","unknown","yes","allowed","index","public_indexable_200","unknown","unknown","unknown","en","unknown","unknown","unknown","yes","sitemap_present","4","92","unknown","unknown","","yes","no","no","yes","no"
"https://valentinproteccionintegral.com/landing/autonomos","yes","es","200","https://valentinproteccionintegral.com/autonomos","1","no","https://valentinproteccionintegral.com/autonomos","https://valentinproteccionintegral.com/autonomos","https://valentinproteccionintegral.com/en/for/self-employed","https://valentinproteccionintegral.com/autonomos","Seguro para Autónomos en Madrid | Valentín","Seguros Autónomos Madrid 2026:IRPF, RC y Accidentes","index, follow","unknown","yes","allowed","noindex_or_redirect","public_redirects","unknown","unknown","unknown","es","unknown","unknown","app/landing/autonomos/page.tsx","no","sitemap_absent_intentional","0","79","unknown","unknown","Campaign route deliberately excluded from sitemap; indexable state retained for F2.","no","yes","no","no","yes"
"https://valentinproteccionintegral.com/para/autonomos","yes","es","200","https://valentinproteccionintegral.com/autonomos","1","no","https://valentinproteccionintegral.com/autonomos","https://valentinproteccionintegral.com/autonomos","https://valentinproteccionintegral.com/en/for/self-employed","https://valentinproteccionintegral.com/autonomos","Seguro para Autónomos en Madrid | Valentín","Seguros Autónomos Madrid 2026:IRPF, RC y Accidentes","index, follow","unknown","yes","allowed","noindex_or_redirect","public_redirects","unknown","unknown","unknown","es","unknown","unknown","app/[locale]/about-us/page.tsx","no","sitemap_absent_intentional","90","79","unknown","unknown","Redirect entrypoint retained for public-surface accounting.","no","yes","yes","yes","yes"
"https://valentinproteccionintegral.com/en/blog/how-to-apply-sunscreen","no","en","200","https://valentinproteccionintegral.com/en/blog/how-to-apply-sunscreen","0","yes","https://valentinproteccionintegral.com/en/blog/how-to-apply-sunscreen","https://valentinproteccionintegral.com/blog/como-aplicar-protector-solar-beneficios","https://valentinproteccionintegral.com/en/blog/how-to-apply-sunscreen","https://valentinproteccionintegral.com/blog/como-aplicar-protector-solar-beneficios","How to apply sunscreen correctly: complete guide 2026","How to apply sunscreen correctly: benefits and common mistakes","index, follow","unknown","yes","allowed","index","public_indexable_200","unknown","unknown","unknown","en","unknown","unknown","unknown","yes","sitemap_present","32","100","unknown","unknown","","yes","no","no","yes","no"
"https://valentinproteccionintegral.com/privacidad","yes","es","200","https://valentinproteccionintegral.com/privacidad","0","no","https://valentinproteccionintegral.com/privacidad","https://valentinproteccionintegral.com/privacidad","https://valentinproteccionintegral.com/en/privacy","https://valentinproteccionintegral.com/privacidad","Política de Privacidad | Valentín Protección Integral","Política de Privacidad","noindex, nofollow","unknown","yes","allowed","noindex_or_redirect","public_noindex_200","unknown","unknown","unknown","es","unknown","unknown","app/[locale]/about-us/page.tsx","no","sitemap_absent_intentional","107","79","unknown","unknown","Deliberate non-indexable public utility/legal surface; no F0 correction.","no","yes","yes","yes","no"
"https://valentinproteccionintegral.com/seguros/accidentes","yes","es","200","https://valentinproteccionintegral.com/seguros/accidentes-decesos","1","no","https://valentinproteccionintegral.com/seguros/accidentes-decesos","unknown","unknown","unknown","Seguro de Accidentes y Decesos en Madrid | Valentín","Seguro Accidentes y Decesos Madrid:Pack Familiar Completo","index, follow","unknown","yes","allowed","noindex_or_redirect","public_redirects","unknown","unknown","unknown","es","unknown","unknown","app/[locale]/about-us/page.tsx","no","sitemap_absent_intentional","275","73","unknown","unknown","Redirect entrypoint retained for public-surface accounting.","no","yes","yes","yes","yes"
"https://valentinproteccionintegral.com/sobre-mi","yes","es","200","https://valentinproteccionintegral.com/sobre-nosotros","1","no","https://valentinproteccionintegral.com/sobre-nosotros","https://valentinproteccionintegral.com/sobre-nosotros","https://valentinproteccionintegral.com/en/about-us","https://valentinproteccionintegral.com/sobre-nosotros","Rosa y Sebastián · Asesores de Seguros en Madrid","Rosa y Sebastián: el equipo que protege a familias en Madrid desde hace más de 10 años","index, follow","unknown","yes","allowed","noindex_or_redirect","public_redirects","unknown","unknown","unknown","es","unknown","unknown","app/sobre-mi/page.tsx","no","sitemap_absent_intentional","0","80","unknown","unknown","Redirect entrypoint retained for public-surface accounting.","no","yes","no","no","yes"
"https://valentinproteccionintegral.com/en/blog/dental-vs-comprehensive-health-insurance","no","en","200","https://valentinproteccionintegral.com/en/blog/dental-vs-comprehensive-health-insurance","0","yes","https://valentinproteccionintegral.com/en/blog/dental-vs-comprehensive-health-insurance","https://valentinproteccionintegral.com/blog/seguro-dental-vs-salud-completa-madrid","https://valentinproteccionintegral.com/en/blog/dental-vs-comprehensive-health-insurance","https://valentinproteccionintegral.com/blog/seguro-dental-vs-salud-completa-madrid","Dental insurance or comprehensive health? Madrid Guide","Dental insurance or comprehensive health? What no one explains to you before hiring in Madrid","index, follow","unknown","yes","allowed","index","public_indexable_200","unknown","unknown","unknown","en","unknown","unknown","unknown","yes","sitemap_present","32","100","unknown","unknown","","yes","no","no","yes","no"
"https://valentinproteccionintegral.com/gracias","yes","es","200","https://valentinproteccionintegral.com/gracias","0","no","unknown","unknown","unknown","unknown","Gracias — Valentín Protección Integral","¡Recibido! Te llamamos en menos de 24 horas.","noindex, nofollow","unknown","no","disallowed","noindex_or_redirect","public_noindex_200","unknown","unknown","unknown","es","unknown","unknown","app/gracias/page.tsx","no","sitemap_absent_intentional","0","74","unknown","unknown","Deliberate non-indexable public utility/legal surface; no F0 correction.","no","yes","no","no","no"
"https://valentinproteccionintegral.com/seguros/decesos/familias","yes","es","200","https://valentinproteccionintegral.com/seguros/decesos/familias","0","yes","https://valentinproteccionintegral.com/seguros/decesos/familias","https://valentinproteccionintegral.com/seguros/decesos/familias","https://valentinproteccionintegral.com/en/insurance/funeral-insurance/families","https://valentinproteccionintegral.com/seguros/decesos/familias","Seguro de Decesos Familiar Madrid · Protección Total","Seguro de Decesos para Familias en Madrid","index, follow","unknown","yes","allowed","index","public_indexable_200","unknown","unknown","unknown","es","unknown","unknown","app/[locale]/about-us/page.tsx","no","sitemap_absent_unexpected","6","87","unknown","unknown","","no","no","yes","yes","no"
"https://valentinproteccionintegral.com/seguros/accidentes/pyme-autonomos","yes","es","200","https://valentinproteccionintegral.com/seguros/accidentes-decesos","1","no","https://valentinproteccionintegral.com/seguros/accidentes-decesos","unknown","unknown","unknown","Seguro de Accidentes y Decesos en Madrid | Valentín","Seguro Accidentes y Decesos Madrid:Pack Familiar Completo","index, follow","unknown","yes","allowed","noindex_or_redirect","public_redirects","unknown","unknown","unknown","es","unknown","unknown","app/[locale]/about-us/page.tsx","no","sitemap_absent_intentional","1","73","unknown","unknown","Redirect entrypoint retained for public-surface accounting.","no","no","yes","yes","yes"
"https://valentinproteccionintegral.com/seguros/dental/familias","yes","es","200","https://valentinproteccionintegral.com/seguros/dental/familias","0","yes","https://valentinproteccionintegral.com/seguros/dental/familias","https://valentinproteccionintegral.com/seguros/dental/familias","https://valentinproteccionintegral.com/en/insurance/dental-insurance/families","https://valentinproteccionintegral.com/seguros/dental/familias","Seguro Dental Familiar Madrid · Ahorra en Salud Bucal","Seguro Dental Profesional para Familias en Madrid","index, follow","unknown","yes","allowed","index","public_indexable_200","unknown","unknown","unknown","es","unknown","unknown","app/[locale]/about-us/page.tsx","no","sitemap_absent_unexpected","6","87","unknown","unknown","","no","no","yes","yes","no"
"https://valentinproteccionintegral.com/seguros/mascotas/responsabilidad-civil","yes","es","200","https://valentinproteccionintegral.com/seguros/mascotas/responsabilidad-civil","0","yes","https://valentinproteccionintegral.com/seguros/mascotas/responsabilidad-civil","https://valentinproteccionintegral.com/seguros/mascotas/responsabilidad-civil","https://valentinproteccionintegral.com/en/insurance/pet-insurance/civil-liability","https://valentinproteccionintegral.com/seguros/mascotas/responsabilidad-civil","RC Perros Madrid · Obligatorio · Desde 5€/mes","Seguro de Responsabilidad Civil para Mascotas en Madrid","index, follow","unknown","yes","allowed","index","public_indexable_200","unknown","unknown","unknown","es","unknown","unknown","app/[locale]/about-us/page.tsx","no","sitemap_absent_unexpected","6","88","unknown","unknown","","no","no","yes","yes","no"
"https://valentinproteccionintegral.com/seguros/salud/autonomos","yes","es","200","https://valentinproteccionintegral.com/seguros/salud/autonomos","0","yes","https://valentinproteccionintegral.com/seguros/salud/autonomos","https://valentinproteccionintegral.com/seguros/salud/autonomos","https://valentinproteccionintegral.com/en/insurance/health-insurance/self-employed","https://valentinproteccionintegral.com/seguros/salud/autonomos","Seguro Médico para Autónomos Madrid · Deducción fiscal incluida","Seguro Médico para Autónomos en Madrid","index, follow","unknown","yes","allowed","index","public_indexable_200","unknown","unknown","unknown","es","unknown","unknown","app/[locale]/about-us/page.tsx","no","sitemap_absent_unexpected","6","95","unknown","unknown","","no","no","yes","yes","no"
"https://valentinproteccionintegral.com/landing/asesoria-gratuita","yes","es","200","https://valentinproteccionintegral.com/landing/asesoria-gratuita","0","yes","unknown","unknown","unknown","unknown","Asesora de Seguros en Madrid · Registro oficial DGSFP","Asesoría de SegurosGratis en Madrid","index, follow","unknown","yes","allowed","index","public_indexable_200","unknown","unknown","unknown","es","unknown","unknown","app/landing/asesoria-gratuita/page.tsx","no","sitemap_absent_intentional","0","5","unknown","unknown","Campaign route deliberately excluded from sitemap; indexable state retained for F2.","no","yes","no","no","no"
"https://valentinproteccionintegral.com/seguros/salud/completa","yes","es","200","https://valentinproteccionintegral.com/seguros/salud/completa","0","yes","https://valentinproteccionintegral.com/seguros/salud/completa","https://valentinproteccionintegral.com/seguros/salud/completa","https://valentinproteccionintegral.com/en/insurance/health-insurance/comprehensive","https://valentinproteccionintegral.com/seguros/salud/completa","Seguro de Salud Completo Madrid · Hospitalización Incluida","Seguro de Salud Completo en Madrid: Cobertura Total","index, follow","unknown","yes","allowed","index","public_indexable_200","unknown","unknown","unknown","es","unknown","unknown","app/[locale]/about-us/page.tsx","no","sitemap_absent_unexpected","8","95","unknown","unknown","","no","no","yes","yes","no"
"https://valentinproteccionintegral.com/seguros/salud/familias","yes","es","200","https://valentinproteccionintegral.com/seguros/salud/familias","0","yes","https://valentinproteccionintegral.com/seguros/salud/familias","https://valentinproteccionintegral.com/seguros/salud/familias","https://valentinproteccionintegral.com/en/insurance/health-insurance/families","https://valentinproteccionintegral.com/seguros/salud/familias","Seguro de Salud para Familias Madrid · Pediatría Incluida","Seguro de Salud para Familias en Madrid","index, follow","unknown","yes","allowed","index","public_indexable_200","unknown","unknown","unknown","es","unknown","unknown","app/[locale]/about-us/page.tsx","no","sitemap_absent_unexpected","6","91","unknown","unknown","","no","no","yes","yes","no"
"https://valentinproteccionintegral.com/seguros/salud/reembolso","yes","es","200","https://valentinproteccionintegral.com/seguros/salud/reembolso","0","yes","https://valentinproteccionintegral.com/seguros/salud/reembolso","https://valentinproteccionintegral.com/seguros/salud/reembolso","https://valentinproteccionintegral.com/en/insurance/health-insurance/reimbursement","https://valentinproteccionintegral.com/seguros/salud/reembolso","Seguro de Salud con Reembolso Madrid · Libre Elección","Seguro de Salud con Reembolso en Madrid","index, follow","unknown","yes","allowed","index","public_indexable_200","unknown","unknown","unknown","es","unknown","unknown","app/[locale]/about-us/page.tsx","no","sitemap_absent_unexpected","8","91","unknown","unknown","","no","no","yes","yes","no"
"https://valentinproteccionintegral.com/seguros/salud/senior","yes","es","200","https://valentinproteccionintegral.com/seguros/salud/senior","0","yes","https://valentinproteccionintegral.com/seguros/salud/senior","https://valentinproteccionintegral.com/seguros/salud/senior","https://valentinproteccionintegral.com/en/insurance/health-insurance/senior","https://valentinproteccionintegral.com/seguros/salud/senior","Seguro de Salud Senior Madrid · Mayores de 55","Seguro de Salud para Mayores en Madrid: Sin Esperas","index, follow","unknown","yes","allowed","index","public_indexable_200","unknown","unknown","unknown","es","unknown","unknown","app/[locale]/about-us/page.tsx","no","sitemap_absent_unexpected","8","91","unknown","unknown","","no","no","yes","yes","no"
"https://valentinproteccionintegral.com/seguros/viaje/estudios","yes","es","200","https://valentinproteccionintegral.com/seguros/viaje/estudios","0","yes","https://valentinproteccionintegral.com/seguros/viaje/estudios","https://valentinproteccionintegral.com/seguros/viaje/estudios","https://valentinproteccionintegral.com/en/insurance/travel-insurance/students","https://valentinproteccionintegral.com/seguros/viaje/estudios","Seguro de Viaje Estudiantes Madrid · Erasmus y Máster","Seguro de Viaje para Estudiantes en Madrid","index, follow","unknown","yes","allowed","index","public_indexable_200","unknown","unknown","unknown","es","unknown","unknown","app/[locale]/about-us/page.tsx","no","sitemap_absent_unexpected","6","88","unknown","unknown","","no","no","yes","yes","no"
"https://valentinproteccionintegral.com/seguros/health-insurance-foreigners-spain","yes","es","200","https://valentinproteccionintegral.com/en/insurance/health/foreigners","1","no","https://valentinproteccionintegral.com/en/insurance/health/foreigners","https://valentinproteccionintegral.com/seguros/salud-extranjeros","https://valentinproteccionintegral.com/en/insurance/health/foreigners","https://valentinproteccionintegral.com/seguros/salud-extranjeros","Health insurance for foreigners in Spain | VPI","Health insurance for foreigners, suitable for a Spanish visa depending on the plan","index, follow","unknown","yes","allowed","noindex_or_redirect","public_redirects","unknown","unknown","unknown","en","unknown","unknown","app/seguros/health-insurance-foreigners-spain/page.tsx","no","sitemap_absent_intentional","0","5","unknown","unknown","Redirect entrypoint retained for public-surface accounting.","no","yes","no","no","yes"
"https://valentinproteccionintegral.com/en/legal-notice","yes","en","200","https://valentinproteccionintegral.com/en/legal-notice","0","no","https://valentinproteccionintegral.com/en/legal-notice","https://valentinproteccionintegral.com/aviso-legal","https://valentinproteccionintegral.com/en/legal-notice","https://valentinproteccionintegral.com/aviso-legal","Legal Notice | Valentín Protección Integral","Legal notice","noindex, nofollow","unknown","yes","allowed","noindex_or_redirect","public_noindex_200","unknown","unknown","unknown","en","unknown","unknown","app/[locale]/about-us/page.tsx","no","sitemap_absent_intentional","80","79","unknown","unknown","Deliberate non-indexable public utility/legal surface; no F0 correction.","no","no","yes","yes","no"
"https://valentinproteccionintegral.com/para/autonomos/","no","es","200","https://valentinproteccionintegral.com/autonomos","2","no","https://valentinproteccionintegral.com/autonomos","https://valentinproteccionintegral.com/autonomos","https://valentinproteccionintegral.com/en/for/self-employed","https://valentinproteccionintegral.com/autonomos","Seguro para Autónomos en Madrid | Valentín","Seguros Autónomos Madrid 2026:IRPF, RC y Accidentes","index, follow","unknown","yes","allowed","noindex_or_redirect","public_redirects","unknown","unknown","unknown","es","unknown","unknown","unknown","no","sitemap_absent_intentional","0","79","unknown","unknown","Redirect entrypoint retained for public-surface accounting.","no","no","no","no","yes"
"https://valentinproteccionintegral.com/en/cookies","yes","en","200","https://valentinproteccionintegral.com/en/cookies","0","no","https://valentinproteccionintegral.com/en/cookies","https://valentinproteccionintegral.com/cookies","https://valentinproteccionintegral.com/en/cookies","https://valentinproteccionintegral.com/cookies","Cookie Policy | Valentín Protección Integral","Cookie policy","noindex, nofollow","unknown","yes","allowed","noindex_or_redirect","public_noindex_200","unknown","unknown","unknown","en","unknown","unknown","app/[locale]/about-us/page.tsx","no","sitemap_absent_intentional","78","79","unknown","unknown","Deliberate non-indexable public utility/legal surface; no F0 correction.","no","no","yes","yes","no"
"https://valentinproteccionintegral.com/sobre-mi/","no","es","200","https://valentinproteccionintegral.com/sobre-nosotros","2","no","https://valentinproteccionintegral.com/sobre-nosotros","https://valentinproteccionintegral.com/sobre-nosotros","https://valentinproteccionintegral.com/en/about-us","https://valentinproteccionintegral.com/sobre-nosotros","Rosa y Sebastián · Asesores de Seguros en Madrid","Rosa y Sebastián: el equipo que protege a familias en Madrid desde hace más de 10 años","index, follow","unknown","yes","allowed","noindex_or_redirect","public_redirects","unknown","unknown","unknown","es","unknown","unknown","unknown","no","sitemap_absent_intentional","0","80","unknown","unknown","Redirect entrypoint retained for public-surface accounting.","no","no","no","no","yes"
"https://valentinproteccionintegral.com/en/privacy","yes","en","200","https://valentinproteccionintegral.com/en/privacy","0","no","https://valentinproteccionintegral.com/en/privacy","https://valentinproteccionintegral.com/privacidad","https://valentinproteccionintegral.com/en/privacy","https://valentinproteccionintegral.com/privacidad","Privacy Policy | Valentín Protección Integral","Privacy policy","noindex, nofollow","unknown","yes","allowed","noindex_or_redirect","public_noindex_200","unknown","unknown","unknown","en","unknown","unknown","app/[locale]/about-us/page.tsx","no","sitemap_absent_intentional","82","79","unknown","unknown","Deliberate non-indexable public utility/legal surface; no F0 correction.","no","no","yes","yes","no"
"https://valentinproteccionintegral.com/en/seguros/accidentes/pyme-autonomos","no","en","200","https://valentinproteccionintegral.com/en/insurance/accident-insurance/business-self-employed","1","no","https://valentinproteccionintegral.com/en/insurance/accident-insurance/business-self-employed","unknown","https://valentinproteccionintegral.com/en/insurance/accident-insurance/business-self-employed","unknown","Business Accident Insurance in Madrid | Self-Employed","Accident Insurance for Businesses and Self-Employed Professionals","index, follow","unknown","yes","allowed","noindex_or_redirect","public_redirects","unknown","unknown","unknown","en","unknown","unknown","unknown","no","sitemap_absent_intentional","0","85","unknown","unknown","Redirect entrypoint retained for public-surface accounting.","no","no","no","no","yes"
"https://valentinproteccionintegral.com/zonas/las-rozas","no","es","200","https://valentinproteccionintegral.com/zonas/las-rozas","0","yes","https://valentinproteccionintegral.com/zonas/las-rozas","unknown","unknown","unknown","Seguros en Las Rozas â€” Agente Registrado DGSFP | Valentín Protección Integral","Seguros en Las Rozas:Tu Agente Registrado DGSFP","index, follow","unknown","yes","allowed","index","public_indexable_200","unknown","unknown","unknown","es","unknown","unknown","unknown","no","sitemap_absent_unexpected","3","73","unknown","unknown","","no","no","no","yes","no"
"https://valentinproteccionintegral.com/seguros/salud/extranjeros","no","es","200","https://valentinproteccionintegral.com/seguros/salud/extranjeros","0","yes","https://valentinproteccionintegral.com/seguros/salud/extranjeros","https://valentinproteccionintegral.com/seguros/salud/extranjeros","https://valentinproteccionintegral.com/en/insurance/health/foreigners","https://valentinproteccionintegral.com/seguros/salud/extranjeros","Seguro de Salud para Extranjeros en Madrid · Visado y NIE","Seguro de Salud para Extranjeros en España: Visados","index, follow","unknown","yes","allowed","index","public_indexable_200","unknown","unknown","unknown","es","unknown","unknown","unknown","no","sitemap_absent_unexpected","4","91","unknown","unknown","","no","no","no","yes","no"
"https://valentinproteccionintegral.com/en/seguros/accidentes","no","en","200","https://valentinproteccionintegral.com/en/insurance/accident-insurance","1","no","https://valentinproteccionintegral.com/en/insurance/accident-insurance","unknown","https://valentinproteccionintegral.com/en/insurance/accident-insurance","unknown","Accident insurance in Madrid | Valentín Protección Integral","Accident insurance for the moments that can change your financial stability","index, follow","unknown","yes","allowed","noindex_or_redirect","public_redirects","unknown","unknown","unknown","en","unknown","unknown","unknown","no","sitemap_absent_intentional","0","97","unknown","unknown","Redirect entrypoint retained for public-surface accounting.","no","no","no","no","yes"
"https://valentinproteccionintegral.com/en/aviso-legal","no","en","200","https://valentinproteccionintegral.com/en/legal-notice","1","no","https://valentinproteccionintegral.com/en/legal-notice","https://valentinproteccionintegral.com/aviso-legal","https://valentinproteccionintegral.com/en/legal-notice","https://valentinproteccionintegral.com/aviso-legal","Legal Notice | Valentín Protección Integral","Legal notice","noindex, nofollow","unknown","yes","allowed","noindex_or_redirect","public_redirects","unknown","unknown","unknown","en","unknown","unknown","unknown","no","sitemap_absent_intentional","0","79","unknown","unknown","Redirect entrypoint retained for public-surface accounting.","no","no","no","no","yes"
"https://valentinproteccionintegral.com/en/privacidad","no","en","200","https://valentinproteccionintegral.com/en/privacy","1","no","https://valentinproteccionintegral.com/en/privacy","https://valentinproteccionintegral.com/privacidad","https://valentinproteccionintegral.com/en/privacy","https://valentinproteccionintegral.com/privacidad","Privacy Policy | Valentín Protección Integral","Privacy policy","noindex, nofollow","unknown","yes","allowed","noindex_or_redirect","public_redirects","unknown","unknown","unknown","en","unknown","unknown","unknown","no","sitemap_absent_intentional","0","79","unknown","unknown","Redirect entrypoint retained for public-surface accounting.","no","no","no","no","yes"
